scenario,trial,offset_s,t_actual,t_cf,hqm,S,E,B,R,risk_at_commit,risk_at_greedy,t_commit
pedestrian_curb,0,-2.0,3.133,1.133,0.5916,0.0515,0.9239,0.9502,1.0,0.5211,0.5727,1.133
pedestrian_curb,0,-1.5,3.133,1.633,0.4686,-0.0954,0.8679,0.6991,1.0,0.6681,0.5727,1.633
pedestrian_curb,0,-1.0,3.133,2.133,0.5569,0.2963,0.8153,0.423,1.0,0.2764,0.5727,2.133
pedestrian_curb,0,-0.5,3.133,2.633,0.6063,0.491,0.7659,0.3421,1.0,0.0817,0.5727,2.633
pedestrian_curb,0,0.0,3.133,3.133,0.6072,0.4991,0.7195,0.3887,1.0,0.0736,0.5727,3.133
pedestrian_curb,0,0.5,3.133,3.633,0.6072,0.5087,0.6759,0.4239,1.0,0.0639,0.5727,3.633
pedestrian_curb,0,1.0,3.133,4.133,0.6131,0.5546,0.635,0.4127,1.0,0.0181,0.5727,4.133
pedestrian_curb,0,1.5,3.133,4.633,0.6115,0.5727,0.5965,0.4165,1.0,0.0,0.5727,4.633
pedestrian_curb,0,2.0,3.133,5.133,0.602,0.5642,0.5604,0.4313,1.0,0.0084,0.5727,5.133
pedestrian_curb,1,-2.0,3.133,1.133,0.6012,0.0726,0.9277,0.9514,1.0,0.5237,0.5963,1.133
pedestrian_curb,1,-1.5,3.133,1.633,0.4692,-0.0932,0.8715,0.6928,1.0,0.6895,0.5963,1.633
pedestrian_curb,1,-1.0,3.133,2.133,0.5689,0.319,0.8187,0.4329,1.0,0.2772,0.5963,2.133
pedestrian_curb,1,-0.5,3.133,2.633,0.6122,0.5,0.7691,0.3494,1.0,0.0963,0.5963,2.633
pedestrian_curb,1,0.0,3.133,3.133,0.6219,0.5306,0.7225,0.3949,1.0,0.0657,0.5963,3.133
pedestrian_curb,1,0.5,3.133,3.633,0.6386,0.5821,0.6788,0.4303,1.0,0.0141,0.5963,3.633
pedestrian_curb,1,1.0,3.133,4.133,0.6229,0.5751,0.6376,0.4171,1.0,0.0211,0.5963,4.133
pedestrian_curb,1,1.5,3.133,4.633,0.6193,0.5883,0.599,0.4213,1.0,0.008,0.5963,4.633
pedestrian_curb,1,2.0,3.133,5.133,0.6162,0.5963,0.5627,0.4353,1.0,0.0,0.5963,5.133
pedestrian_curb,2,-2.0,3.133,1.133,0.606,0.0867,0.9316,0.9424,1.0,0.5062,0.5929,1.133
pedestrian_curb,2,-1.5,3.133,1.633,0.4847,-0.0577,0.8752,0.695,1.0,0.6506,0.5929,1.633
pedestrian_curb,2,-1.0,3.133,2.133,0.5669,0.3163,0.8221,0.424,1.0,0.2765,0.5929,2.133
pedestrian_curb,2,-0.5,3.133,2.633,0.6109,0.4997,0.7723,0.3395,1.0,0.0932,0.5929,2.633
pedestrian_curb,2,0.0,3.133,3.133,0.6156,0.5166,0.7255,0.3881,1.0,0.0763,0.5929,3.133
pedestrian_curb,2,0.5,3.133,3.633,0.626,0.5508,0.6816,0.4266,1.0,0.0421,0.5929,3.633
pedestrian_curb,2,1.0,3.133,4.133,0.6217,0.5705,0.6403,0.4168,1.0,0.0223,0.5929,4.133
pedestrian_curb,2,1.5,3.133,4.633,0.622,0.5929,0.6015,0.4225,1.0,0.0,0.5929,4.633
pedestrian_curb,2,2.0,3.133,5.133,0.6066,0.5699,0.5651,0.4366,1.0,0.023,0.5929,5.133
pedestrian_curb,3,-2.0,3.167,1.167,0.5902,0.0468,0.9277,0.9475,1.0,0.5329,0.5797,1.167
pedestrian_curb,3,-1.5,3.167,1.667,0.4765,-0.0719,0.8715,0.6871,1.0,0.6516,0.5797,1.667
pedestrian_curb,3,-1.0,3.167,2.167,0.5738,0.3348,0.8187,0.4257,1.0,0.2448,0.5797,2.167
pedestrian_curb,3,-0.5,3.167,2.667,0.6138,0.5011,0.7691,0.3552,1.0,0.0786,0.5797,2.667
pedestrian_curb,3,0.0,3.167,3.167,0.6132,0.5048,0.7225,0.4031,1.0,0.0749,0.5797,3.167
pedestrian_curb,3,0.5,3.167,3.667,0.6277,0.5551,0.6788,0.4299,1.0,0.0245,0.5797,3.667
pedestrian_curb,3,1.0,3.167,4.167,0.6252,0.5797,0.6376,0.4197,1.0,0.0,0.5797,4.167
pedestrian_curb,3,1.5,3.167,4.667,0.6165,0.5797,0.599,0.4244,1.0,0.0,0.5797,4.667
pedestrian_curb,3,2.0,3.167,5.167,0.6096,0.5786,0.5627,0.4374,1.0,0.0011,0.5797,5.167
pedestrian_curb,4,-2.0,3.167,1.167,0.6008,0.0771,0.9239,0.9451,1.0,0.5091,0.5862,1.167
pedestrian_curb,4,-1.5,3.167,1.667,0.4734,-0.076,0.8679,0.6841,1.0,0.6622,0.5862,1.667
pedestrian_curb,4,-1.0,3.167,2.167,0.5681,0.3292,0.8153,0.4129,1.0,0.257,0.5862,2.167
pedestrian_curb,4,-0.5,3.167,2.667,0.5996,0.4787,0.7659,0.3333,1.0,0.1074,0.5862,2.667
pedestrian_curb,4,0.0,3.167,3.167,0.6182,0.529,0.7195,0.3833,1.0,0.0571,0.5862,3.167
pedestrian_curb,4,0.5,3.167,3.667,0.6161,0.5367,0.6759,0.4119,1.0,0.0494,0.5862,3.667
pedestrian_curb,4,1.0,3.167,4.167,0.6155,0.564,0.635,0.4058,1.0,0.0221,0.5862,4.167
pedestrian_curb,4,1.5,3.167,4.667,0.6165,0.5862,0.5965,0.4147,1.0,0.0,0.5862,4.667
pedestrian_curb,4,2.0,3.167,5.167,0.6089,0.5818,0.5604,0.4303,1.0,0.0044,0.5862,5.167
pedestrian_curb,5,-2.0,3.133,1.133,0.6084,0.0927,0.9239,0.9518,1.0,0.4994,0.5921,1.133
pedestrian_curb,5,-1.5,3.133,1.633,0.4846,-0.0543,0.8679,0.6965,1.0,0.6464,0.5921,1.633
pedestrian_curb,5,-1.0,3.133,2.133,0.5669,0.3125,0.8153,0.4404,1.0,0.2796,0.5921,2.133
pedestrian_curb,5,-0.5,3.133,2.633,0.6165,0.5093,0.7659,0.3562,1.0,0.0828,0.5921,2.633
pedestrian_curb,5,0.0,3.133,3.133,0.6169,0.5192,0.7195,0.3965,1.0,0.0729,0.5921,3.133
pedestrian_curb,5,0.5,3.133,3.633,0.6208,0.5369,0.6759,0.4356,1.0,0.0552,0.5921,3.633
pedestrian_curb,5,1.0,3.133,4.133,0.6249,0.5791,0.635,0.4226,1.0,0.0131,0.5921,4.133
pedestrian_curb,5,1.5,3.133,4.633,0.6216,0.5921,0.5965,0.428,1.0,0.0,0.5921,4.633
pedestrian_curb,5,2.0,3.133,5.133,0.6099,0.5789,0.5604,0.4411,1.0,0.0132,0.5921,5.133
pedestrian_curb,6,-2.0,3.167,1.167,0.5941,0.0608,0.9277,0.9391,1.0,0.522,0.5828,1.167
pedestrian_curb,6,-1.5,3.167,1.667,0.4722,-0.0826,0.8715,0.6866,1.0,0.6655,0.5828,1.667
pedestrian_curb,6,-1.0,3.167,2.167,0.5759,0.3451,0.8187,0.4157,1.0,0.2377,0.5828,2.167
pedestrian_curb,6,-0.5,3.167,2.667,0.6101,0.497,0.7691,0.345,1.0,0.0858,0.5828,2.667
pedestrian_curb,6,0.0,3.167,3.167,0.6116,0.5059,0.7225,0.393,1.0,0.0769,0.5828,3.167
pedestrian_curb,6,0.5,3.167,3.667,0.6219,0.5438,0.6788,0.4236,1.0,0.0391,0.5828,3.667
pedestrian_curb,6,1.0,3.167,4.167,0.6168,0.561,0.6376,0.4148,1.0,0.0218,0.5828,4.167
pedestrian_curb,6,1.5,3.167,4.667,0.6168,0.5816,0.599,0.4222,1.0,0.0013,0.5828,4.667
pedestrian_curb,6,2.0,3.167,5.167,0.6109,0.5828,0.5627,0.4355,1.0,0.0,0.5828,5.167
pedestrian_curb,7,-2.0,3.167,1.167,0.6055,0.0862,0.9277,0.9457,1.0,0.5159,0.602,1.167
pedestrian_curb,7,-1.5,3.167,1.667,0.4775,-0.0678,0.8715,0.6835,1.0,0.6699,0.602,1.667
pedestrian_curb,7,-1.0,3.167,2.167,0.5817,0.3669,0.8187,0.4015,1.0,0.2352,0.602,2.167
pedestrian_curb,7,-0.5,3.167,2.667,0.6134,0.5169,0.7691,0.3215,1.0,0.0851,0.602,2.667
pedestrian_curb,7,0.0,3.167,3.167,0.6214,0.5402,0.7225,0.3735,1.0,0.0619,0.602,3.167
pedestrian_curb,7,0.5,3.167,3.667,0.6214,0.5519,0.6788,0.4048,1.0,0.0501,0.602,3.667
pedestrian_curb,7,1.0,3.167,4.167,0.6159,0.5676,0.6376,0.3974,1.0,0.0344,0.602,4.167
pedestrian_curb,7,1.5,3.167,4.667,0.6217,0.602,0.599,0.4058,1.0,0.0,0.602,4.667
pedestrian_curb,7,2.0,3.167,5.167,0.616,0.602,0.5627,0.4226,1.0,0.0,0.602,5.167
pedestrian_curb,8,-2.0,3.133,1.133,0.6145,0.1052,0.9239,0.9573,1.0,0.4925,0.5977,1.133
pedestrian_curb,8,-1.5,3.133,1.633,0.4859,-0.0599,0.8679,0.7142,1.0,0.6576,0.5977,1.633
pedestrian_curb,8,-1.0,3.133,2.133,0.5635,0.3036,0.8153,0.4413,1.0,0.2941,0.5977,2.133
pedestrian_curb,8,-0.5,3.133,2.633,0.6112,0.4964,0.7659,0.3559,1.0,0.1013,0.5977,2.633
pedestrian_curb,8,0.0,3.133,3.133,0.6249,0.5374,0.7195,0.4004,1.0,0.0603,0.5977,3.133
pedestrian_curb,8,0.5,3.133,3.633,0.6171,0.526,0.6759,0.4387,1.0,0.0717,0.5977,3.633
pedestrian_curb,8,1.0,3.133,4.133,0.6186,0.5615,0.635,0.4261,1.0,0.0362,0.5977,4.133
pedestrian_curb,8,1.5,3.133,4.633,0.6243,0.5977,0.5965,0.4307,1.0,0.0,0.5977,4.633
pedestrian_curb,8,2.0,3.133,5.133,0.612,0.5829,0.5604,0.4436,1.0,0.0148,0.5977,5.133
pedestrian_curb,9,-2.0,3.133,1.133,0.6038,0.0786,0.9239,0.957,1.0,0.5113,0.59,1.133
pedestrian_curb,9,-1.5,3.133,1.633,0.4785,-0.0741,0.8679,0.7057,1.0,0.6641,0.59,1.633
pedestrian_curb,9,-1.0,3.133,2.133,0.5552,0.2908,0.8153,0.4251,1.0,0.2992,0.59,2.133
pedestrian_curb,9,-0.5,3.133,2.633,0.6111,0.5014,0.7659,0.3455,1.0,0.0885,0.59,2.633
pedestrian_curb,9,0.0,3.133,3.133,0.6137,0.515,0.7195,0.3891,1.0,0.0749,0.59,3.133
pedestrian_curb,9,0.5,3.133,3.633,0.6258,0.5532,0.6759,0.4276,1.0,0.0368,0.59,3.633
pedestrian_curb,9,1.0,3.133,4.133,0.6233,0.5782,0.635,0.4164,1.0,0.0118,0.59,4.133
pedestrian_curb,9,1.5,3.133,4.633,0.6197,0.5899,0.5965,0.4234,1.0,0.0001,0.59,4.633
pedestrian_curb,9,2.0,3.133,5.133,0.6138,0.59,0.5604,0.4385,1.0,0.0,0.59,5.133
pedestrian_curb,10,-2.0,3.133,1.133,0.6031,0.0697,0.9316,0.9616,1.0,0.5171,0.5868,1.133
pedestrian_curb,10,-1.5,3.133,1.633,0.4677,-0.1068,0.8752,0.7083,1.0,0.6937,0.5868,1.633
pedestrian_curb,10,-1.0,3.133,2.133,0.5641,0.3093,0.8221,0.424,1.0,0.2775,0.5868,2.133
pedestrian_curb,10,-0.5,3.133,2.633,0.6045,0.4832,0.7723,0.3407,1.0,0.1036,0.5868,2.633
pedestrian_curb,10,0.0,3.133,3.133,0.6162,0.5201,0.7255,0.384,1.0,0.0667,0.5868,3.133
pedestrian_curb,10,0.5,3.133,3.633,0.6279,0.5563,0.6816,0.4248,1.0,0.0306,0.5868,3.633
pedestrian_curb,10,1.0,3.133,4.133,0.6244,0.5782,0.6403,0.4151,1.0,0.0087,0.5868,4.133
pedestrian_curb,10,1.5,3.133,4.633,0.6197,0.5868,0.6015,0.4227,1.0,0.0,0.5868,4.633
pedestrian_curb,10,2.0,3.133,5.133,0.607,0.5699,0.5651,0.439,1.0,0.017,0.5868,5.133
pedestrian_curb,11,-2.0,3.133,1.133,0.6085,0.0918,0.9239,0.9543,1.0,0.5002,0.5919,1.133
pedestrian_curb,11,-1.5,3.133,1.633,0.4757,-0.0797,0.8679,0.7032,1.0,0.6716,0.5919,1.633
pedestrian_curb,11,-1.0,3.133,2.133,0.5667,0.3215,0.8153,0.4212,1.0,0.2705,0.5919,2.133
pedestrian_curb,11,-0.5,3.133,2.633,0.6107,0.5001,0.7659,0.3459,1.0,0.0918,0.5919,2.633
pedestrian_curb,11,0.0,3.133,3.133,0.6111,0.5095,0.7195,0.3872,1.0,0.0824,0.5919,3.133
pedestrian_curb,11,0.5,3.133,3.633,0.6129,0.5227,0.6759,0.424,1.0,0.0692,0.5919,3.633
pedestrian_curb,11,1.0,3.133,4.133,0.6146,0.5588,0.635,0.4114,1.0,0.0331,0.5919,4.133
pedestrian_curb,11,1.5,3.133,4.633,0.6184,0.5899,0.5965,0.4167,1.0,0.002,0.5919,4.633
pedestrian_curb,11,2.0,3.133,5.133,0.613,0.5919,0.5604,0.4309,1.0,0.0,0.5919,5.133
pedestrian_curb,12,-2.0,3.133,1.133,0.6088,0.0939,0.9239,0.9513,1.0,0.4986,0.5925,1.133
pedestrian_curb,12,-1.5,3.133,1.633,0.4804,-0.0749,0.8679,0.717,1.0,0.6674,0.5925,1.633
pedestrian_curb,12,-1.0,3.133,2.133,0.5596,0.2957,0.8153,0.4373,1.0,0.2968,0.5925,2.133
pedestrian_curb,12,-0.5,3.133,2.633,0.6187,0.5141,0.7659,0.3579,1.0,0.0784,0.5925,2.633
pedestrian_curb,12,0.0,3.133,3.133,0.6148,0.5138,0.7195,0.397,1.0,0.0788,0.5925,3.133
pedestrian_curb,12,0.5,3.133,3.633,0.6278,0.555,0.6759,0.4344,1.0,0.0376,0.5925,3.633
pedestrian_curb,12,1.0,3.133,4.133,0.6236,0.5764,0.635,0.4217,1.0,0.0161,0.5925,4.133
pedestrian_curb,12,1.5,3.133,4.633,0.6147,0.5752,0.5965,0.4273,1.0,0.0174,0.5925,4.633
pedestrian_curb,12,2.0,3.133,5.133,0.6069,0.5714,0.5604,0.4416,1.0,0.0212,0.5925,5.133
pedestrian_curb,13,-2.0,3.133,1.133,0.6088,0.0963,0.9239,0.9465,1.0,0.4791,0.5754,1.133
pedestrian_curb,13,-1.5,3.133,1.633,0.4819,-0.0657,0.8679,0.7062,1.0,0.6411,0.5754,1.633
pedestrian_curb,13,-1.0,3.133,2.133,0.5615,0.3035,0.8153,0.4312,1.0,0.2719,0.5754,2.133
pedestrian_curb,13,-0.5,3.133,2.633,0.6019,0.4816,0.7659,0.339,1.0,0.0938,0.5754,2.633
pedestrian_curb,13,0.0,3.133,3.133,0.6098,0.5077,0.7195,0.384,1.0,0.0677,0.5754,3.133
pedestrian_curb,13,0.5,3.133,3.633,0.6147,0.5287,0.6759,0.421,1.0,0.0467,0.5754,3.633
pedestrian_curb,13,1.0,3.133,4.133,0.6101,0.5472,0.635,0.4125,1.0,0.0282,0.5754,4.133
pedestrian_curb,13,1.5,3.133,4.633,0.6131,0.5754,0.5965,0.4193,1.0,0.0,0.5754,4.633
pedestrian_curb,13,2.0,3.133,5.133,0.6065,0.5745,0.5604,0.4333,1.0,0.0009,0.5754,5.133
pedestrian_curb,14,-2.0,3.133,1.133,0.5987,0.0629,0.9316,0.9533,1.0,0.5106,0.5735,1.133
pedestrian_curb,14,-1.5,3.133,1.633,0.472,-0.0937,0.8752,0.7035,1.0,0.6672,0.5735,1.633
pedestrian_curb,14,-1.0,3.133,2.133,0.5584,0.2959,0.8221,0.4226,1.0,0.2776,0.5735,2.133
pedestrian_curb,14,-0.5,3.133,2.633,0.6096,0.4932,0.7723,0.346,1.0,0.0803,0.5735,2.633
pedestrian_curb,14,0.0,3.133,3.133,0.6055,0.4895,0.7255,0.3918,1.0,0.084,0.5735,3.133
pedestrian_curb,14,0.5,3.133,3.633,0.6145,0.5223,0.6816,0.4258,1.0,0.0512,0.5735,3.633
pedestrian_curb,14,1.0,3.133,4.133,0.6102,0.5435,0.6403,0.4139,1.0,0.03,0.5735,4.133
pedestrian_curb,14,1.5,3.133,4.633,0.612,0.5689,0.6015,0.4201,1.0,0.0046,0.5735,4.633
pedestrian_curb,14,2.0,3.133,5.133,0.6073,0.5735,0.5651,0.4333,1.0,0.0,0.5735,5.133
pedestrian_curb,15,-2.0,3.133,1.133,0.6056,0.0712,0.9473,0.9513,1.0,0.5169,0.5882,1.133
pedestrian_curb,15,-1.5,3.133,1.633,0.4819,-0.0791,0.8899,0.7053,1.0,0.6673,0.5882,1.633
pedestrian_curb,15,-1.0,3.133,2.133,0.5659,0.3083,0.836,0.4178,1.0,0.2799,0.5882,2.133
pedestrian_curb,15,-0.5,3.133,2.633,0.6168,0.5104,0.7853,0.3317,1.0,0.0778,0.5882,2.633
pedestrian_curb,15,0.0,3.133,3.133,0.6141,0.5099,0.7377,0.3782,1.0,0.0782,0.5882,3.133
pedestrian_curb,15,0.5,3.133,3.633,0.6208,0.5363,0.693,0.4153,1.0,0.0519,0.5882,3.633
pedestrian_curb,15,1.0,3.133,4.133,0.6227,0.5745,0.6511,0.4008,1.0,0.0136,0.5882,4.133
pedestrian_curb,15,1.5,3.133,4.633,0.6205,0.5882,0.6116,0.4118,1.0,0.0,0.5882,4.633
pedestrian_curb,15,2.0,3.133,5.133,0.6144,0.5882,0.5746,0.4276,1.0,0.0,0.5882,5.133
pedestrian_curb,16,-2.0,3.133,1.133,0.6081,0.0925,0.9239,0.9507,1.0,0.4975,0.59,1.133
pedestrian_curb,16,-1.5,3.133,1.633,0.4676,-0.0984,0.8679,0.6996,1.0,0.6884,0.59,1.633
pedestrian_curb,16,-1.0,3.133,2.133,0.5624,0.3086,0.8153,0.4257,1.0,0.2814,0.59,2.133
pedestrian_curb,16,-0.5,3.133,2.633,0.6071,0.4912,0.7659,0.3457,1.0,0.0988,0.59,2.633
pedestrian_curb,16,0.0,3.133,3.133,0.6186,0.527,0.7195,0.3893,1.0,0.063,0.59,3.133
pedestrian_curb,16,0.5,3.133,3.633,0.6217,0.5422,0.6759,0.429,1.0,0.0478,0.59,3.633
pedestrian_curb,16,1.0,3.133,4.133,0.623,0.5767,0.635,0.4177,1.0,0.0133,0.59,4.133
pedestrian_curb,16,1.5,3.133,4.633,0.613,0.5735,0.5965,0.4225,1.0,0.0166,0.59,4.633
pedestrian_curb,16,2.0,3.133,5.133,0.6036,0.5643,0.5604,0.4386,1.0,0.0257,0.59,5.133
pedestrian_curb,17,-2.0,3.133,1.133,0.5967,0.0667,0.9239,0.9454,1.0,0.506,0.5727,1.133
pedestrian_curb,17,-1.5,3.133,1.633,0.4602,-0.1207,0.8679,0.7077,1.0,0.6934,0.5727,1.633
pedestrian_curb,17,-1.0,3.133,2.133,0.5545,0.287,0.8153,0.4293,1.0,0.2857,0.5727,2.133
pedestrian_curb,17,-0.5,3.133,2.633,0.6013,0.4765,0.7659,0.346,1.0,0.0962,0.5727,2.633
pedestrian_curb,17,0.0,3.133,3.133,0.61,0.5045,0.7195,0.3919,1.0,0.0682,0.5727,3.133
pedestrian_curb,17,0.5,3.133,3.633,0.6169,0.5303,0.6759,0.429,1.0,0.0424,0.5727,3.633
pedestrian_curb,17,1.0,3.133,4.133,0.606,0.5345,0.635,0.4171,1.0,0.0382,0.5727,4.133
pedestrian_curb,17,1.5,3.133,4.633,0.6114,0.569,0.5965,0.4233,1.0,0.0036,0.5727,4.633
pedestrian_curb,17,2.0,3.133,5.133,0.5999,0.5564,0.5604,0.4365,1.0,0.0163,0.5727,5.133
pedestrian_curb,18,-2.0,3.133,1.133,0.6021,0.0775,0.9277,0.9457,1.0,0.515,0.5925,1.133
pedestrian_curb,18,-1.5,3.133,1.633,0.4808,-0.0686,0.8715,0.7016,1.0,0.661,0.5925,1.633
pedestrian_curb,18,-1.0,3.133,2.133,0.5701,0.3258,0.8187,0.4257,1.0,0.2666,0.5925,2.133
pedestrian_curb,18,-0.5,3.133,2.633,0.615,0.5121,0.7691,0.3392,1.0,0.0804,0.5925,2.633
pedestrian_curb,18,0.0,3.133,3.133,0.6205,0.5327,0.7225,0.3839,1.0,0.0598,0.5925,3.133
pedestrian_curb,18,0.5,3.133,3.633,0.6278,0.5594,0.6788,0.4218,1.0,0.0331,0.5925,3.633
pedestrian_curb,18,1.0,3.133,4.133,0.6151,0.5587,0.6376,0.4111,1.0,0.0338,0.5925,4.133
pedestrian_curb,18,1.5,3.133,4.633,0.6197,0.5925,0.599,0.4146,1.0,0.0,0.5925,4.633
pedestrian_curb,18,2.0,3.133,5.133,0.6099,0.5833,0.5627,0.4295,1.0,0.0092,0.5925,5.133
pedestrian_curb,19,-2.0,3.133,1.133,0.6101,0.0826,0.9473,0.9513,1.0,0.4919,0.5745,1.133
pedestrian_curb,19,-1.5,3.133,1.633,0.4805,-0.0765,0.8899,0.6929,1.0,0.6509,0.5745,1.633
pedestrian_curb,19,-1.0,3.133,2.133,0.5658,0.3114,0.836,0.4115,1.0,0.2631,0.5745,2.133
pedestrian_curb,19,-0.5,3.133,2.633,0.6045,0.4761,0.7853,0.3389,1.0,0.0984,0.5745,2.633
pedestrian_curb,19,0.0,3.133,3.133,0.6063,0.4855,0.7377,0.3883,1.0,0.0889,0.5745,3.133
pedestrian_curb,19,0.5,3.133,3.633,0.6273,0.548,0.693,0.4241,1.0,0.0264,0.5745,3.633
pedestrian_curb,19,1.0,3.133,4.133,0.6195,0.5599,0.6511,0.4137,1.0,0.0145,0.5745,4.133
pedestrian_curb,19,1.5,3.133,4.633,0.6169,0.5745,0.6116,0.421,1.0,0.0,0.5745,4.633
pedestrian_curb,19,2.0,3.133,5.133,0.6102,0.5745,0.5746,0.434,1.0,0.0,0.5745,5.133
pedestrian_curb,20,-2.0,3.133,1.133,0.59,0.0491,0.9239,0.9471,1.0,0.5122,0.5612,1.133
pedestrian_curb,20,-1.5,3.133,1.633,0.4706,-0.0991,0.8679,0.716,1.0,0.6603,0.5612,1.633
pedestrian_curb,20,-1.0,3.133,2.133,0.5539,0.2853,0.8153,0.4296,1.0,0.2759,0.5612,2.133
pedestrian_curb,20,-0.5,3.133,2.633,0.5874,0.4434,0.7659,0.3428,1.0,0.1179,0.5612,2.633
pedestrian_curb,20,0.0,3.133,3.133,0.6022,0.4852,0.7195,0.391,1.0,0.076,0.5612,3.133
pedestrian_curb,20,0.5,3.133,3.633,0.6129,0.5204,0.6759,0.4287,1.0,0.0408,0.5612,3.633
pedestrian_curb,20,1.0,3.133,4.133,0.6086,0.5427,0.635,0.4141,1.0,0.0185,0.5612,4.133
pedestrian_curb,20,1.5,3.133,4.633,0.6074,0.5612,0.5965,0.419,1.0,0.0,0.5612,4.633
pedestrian_curb,20,2.0,3.133,5.133,0.6008,0.5612,0.5604,0.4309,1.0,0.0,0.5612,5.133
pedestrian_curb,21,-2.0,3.133,1.133,0.6085,0.0903,0.9277,0.9525,1.0,0.4946,0.5849,1.133
pedestrian_curb,21,-1.5,3.133,1.633,0.4748,-0.0842,0.8715,0.703,1.0,0.6691,0.5849,1.633
pedestrian_curb,21,-1.0,3.133,2.133,0.5639,0.3132,0.8187,0.4196,1.0,0.2717,0.5849,2.133
pedestrian_curb,21,-0.5,3.133,2.633,0.5994,0.4796,0.7691,0.3263,1.0,0.1053,0.5849,2.633
pedestrian_curb,21,0.0,3.133,3.133,0.6118,0.5133,0.7225,0.3794,1.0,0.0716,0.5849,3.133
pedestrian_curb,21,0.5,3.133,3.633,0.6126,0.5244,0.6788,0.416,1.0,0.0605,0.5849,3.633
pedestrian_curb,21,1.0,3.133,4.133,0.6205,0.5748,0.6376,0.4057,1.0,0.0101,0.5849,4.133
pedestrian_curb,21,1.5,3.133,4.633,0.6095,0.5689,0.599,0.4111,1.0,0.016,0.5849,4.633
pedestrian_curb,21,2.0,3.133,5.133,0.6099,0.5849,0.5627,0.4262,1.0,0.0,0.5849,5.133
pedestrian_curb,22,-2.0,3.167,1.167,0.5975,0.0669,0.9277,0.9438,1.0,0.5286,0.5955,1.167
pedestrian_curb,22,-1.5,3.167,1.667,0.4756,-0.0697,0.8715,0.6779,1.0,0.6652,0.5955,1.667
pedestrian_curb,22,-1.0,3.167,2.167,0.5787,0.3547,0.8187,0.4106,1.0,0.2408,0.5955,2.167
pedestrian_curb,22,-0.5,3.167,2.667,0.612,0.5084,0.7691,0.3315,1.0,0.087,0.5955,2.667
pedestrian_curb,22,0.0,3.167,3.167,0.6123,0.511,0.7225,0.3861,1.0,0.0845,0.5955,3.167
pedestrian_curb,22,0.5,3.167,3.667,0.6248,0.5555,0.6788,0.4147,1.0,0.04,0.5955,3.667
pedestrian_curb,22,1.0,3.167,4.167,0.6185,0.5701,0.6376,0.4053,1.0,0.0254,0.5955,4.167
pedestrian_curb,22,1.5,3.167,4.667,0.6206,0.5955,0.599,0.4134,1.0,0.0,0.5955,4.667
pedestrian_curb,22,2.0,3.167,5.167,0.6068,0.5763,0.5627,0.428,1.0,0.0191,0.5955,5.167
pedestrian_curb,23,-2.0,3.133,1.133,0.6029,0.081,0.9239,0.9475,1.0,0.4862,0.5672,1.133
pedestrian_curb,23,-1.5,3.133,1.633,0.4704,-0.0942,0.8679,0.7056,1.0,0.6614,0.5672,1.633
pedestrian_curb,23,-1.0,3.133,2.133,0.5522,0.2856,0.8153,0.4206,1.0,0.2815,0.5672,2.133
pedestrian_curb,23,-0.5,3.133,2.633,0.608,0.495,0.7659,0.3424,1.0,0.0722,0.5672,2.633
pedestrian_curb,23,0.0,3.133,3.133,0.608,0.4983,0.7195,0.3941,1.0,0.0689,0.5672,3.133
pedestrian_curb,23,0.5,3.133,3.633,0.6155,0.5261,0.6759,0.4303,1.0,0.0411,0.5672,3.633
pedestrian_curb,23,1.0,3.133,4.133,0.6096,0.5421,0.635,0.4199,1.0,0.0251,0.5672,4.133
pedestrian_curb,23,1.5,3.133,4.633,0.6032,0.5482,0.5965,0.4237,1.0,0.0189,0.5672,4.633
pedestrian_curb,23,2.0,3.133,5.133,0.6043,0.5672,0.5604,0.4366,1.0,0.0,0.5672,5.133
pedestrian_curb,24,-2.0,3.133,1.133,0.6123,0.0993,0.9277,0.9534,1.0,0.4863,0.5857,1.133
pedestrian_curb,24,-1.5,3.133,1.633,0.4766,-0.0837,0.8715,0.7108,1.0,0.6693,0.5857,1.633
pedestrian_curb,24,-1.0,3.133,2.133,0.5656,0.3119,0.8187,0.4307,1.0,0.2738,0.5857,2.133
pedestrian_curb,24,-0.5,3.133,2.633,0.6091,0.4933,0.7691,0.3473,1.0,0.0924,0.5857,2.633
pedestrian_curb,24,0.0,3.133,3.133,0.6185,0.5207,0.7225,0.3979,1.0,0.065,0.5857,3.133
pedestrian_curb,24,0.5,3.133,3.633,0.6236,0.5432,0.6788,0.4332,1.0,0.0425,0.5857,3.633
pedestrian_curb,24,1.0,3.133,4.133,0.6139,0.5507,0.6376,0.421,1.0,0.0349,0.5857,4.133
pedestrian_curb,24,1.5,3.133,4.633,0.6188,0.5857,0.599,0.4237,1.0,0.0,0.5857,4.633
pedestrian_curb,24,2.0,3.133,5.133,0.6112,0.5828,0.5627,0.4372,1.0,0.0029,0.5857,5.133
pedestrian_curb,25,-2.0,3.167,1.167,0.586,0.041,0.9277,0.9381,1.0,0.5339,0.5749,1.167
pedestrian_curb,25,-1.5,3.167,1.667,0.4765,-0.0699,0.8715,0.6828,1.0,0.6448,0.5749,1.667
pedestrian_curb,25,-1.0,3.167,2.167,0.5574,0.3005,0.8187,0.4126,1.0,0.2745,0.5749,2.167
pedestrian_curb,25,-0.5,3.167,2.667,0.6038,0.4866,0.7691,0.3344,1.0,0.0883,0.5749,2.667
pedestrian_curb,25,0.0,3.167,3.167,0.6167,0.5198,0.7225,0.3906,1.0,0.0551,0.5749,3.167
pedestrian_curb,25,0.5,3.167,3.667,0.6215,0.5447,0.6788,0.4194,1.0,0.0302,0.5749,3.667
pedestrian_curb,25,1.0,3.167,4.167,0.6114,0.5504,0.6376,0.4093,1.0,0.0245,0.5749,4.167
pedestrian_curb,25,1.5,3.167,4.667,0.6129,0.5749,0.599,0.416,1.0,0.0,0.5749,4.667
pedestrian_curb,25,2.0,3.167,5.167,0.6068,0.5749,0.5627,0.4305,1.0,0.0,0.5749,5.167
pedestrian_curb,26,-2.0,3.133,1.133,0.605,0.0812,0.9277,0.9529,1.0,0.4911,0.5723,1.133
pedestrian_curb,26,-1.5,3.133,1.633,0.4781,-0.074,0.8715,0.6991,1.0,0.6463,0.5723,1.633
pedestrian_curb,26,-1.0,3.133,2.133,0.5626,0.3145,0.8187,0.4105,1.0,0.2578,0.5723,2.133
pedestrian_curb,26,-0.5,3.133,2.633,0.5841,0.4402,0.7691,0.3289,1.0,0.1321,0.5723,2.633
pedestrian_curb,26,0.0,3.133,3.133,0.6041,0.4943,0.7225,0.3785,1.0,0.078,0.5723,3.133
pedestrian_curb,26,0.5,3.133,3.633,0.6119,0.5195,0.6788,0.4221,1.0,0.0528,0.5723,3.633
pedestrian_curb,26,1.0,3.133,4.133,0.6076,0.5409,0.6376,0.4091,1.0,0.0315,0.5723,4.133
pedestrian_curb,26,1.5,3.133,4.633,0.6117,0.5723,0.599,0.415,1.0,0.0,0.5723,4.633
pedestrian_curb,26,2.0,3.133,5.133,0.6057,0.5723,0.5627,0.4302,1.0,0.0,0.5723,5.133
pedestrian_curb,27,-2.0,3.167,1.167,0.5861,0.0461,0.9239,0.9335,1.0,0.5219,0.5679,1.167
pedestrian_curb,27,-1.5,3.167,1.667,0.4631,-0.0957,0.8679,0.672,1.0,0.6636,0.5679,1.667
pedestrian_curb,27,-1.0,3.167,2.167,0.5674,0.3275,0.8153,0.4127,1.0,0.2404,0.5679,2.167
pedestrian_curb,27,-0.5,3.167,2.667,0.6008,0.4818,0.7659,0.3328,1.0,0.0862,0.5679,2.667
pedestrian_curb,27,0.0,3.167,3.167,0.6064,0.4986,0.7195,0.3856,1.0,0.0694,0.5679,3.167
pedestrian_curb,27,0.5,3.167,3.667,0.6088,0.5163,0.6759,0.4166,1.0,0.0516,0.5679,3.667
pedestrian_curb,27,1.0,3.167,4.167,0.6178,0.5679,0.635,0.4092,1.0,0.0,0.5679,4.167
pedestrian_curb,27,1.5,3.167,4.667,0.61,0.5679,0.5965,0.4187,1.0,0.0,0.5679,4.667
pedestrian_curb,27,2.0,3.167,5.167,0.6039,0.5679,0.5604,0.433,1.0,0.0,0.5679,5.167
pedestrian_curb,28,-2.0,3.167,1.167,0.5991,0.068,0.9316,0.9447,1.0,0.5254,0.5934,1.167
pedestrian_curb,28,-1.5,3.167,1.667,0.4817,-0.0603,0.8752,0.685,1.0,0.6537,0.5934,1.667
pedestrian_curb,28,-1.0,3.167,2.167,0.5765,0.3447,0.8221,0.4152,1.0,0.2487,0.5934,2.167
pedestrian_curb,28,-0.5,3.167,2.667,0.6124,0.4976,0.7723,0.3513,1.0,0.0958,0.5934,2.667
pedestrian_curb,28,0.0,3.167,3.167,0.6086,0.4941,0.7255,0.3977,1.0,0.0993,0.5934,3.167
pedestrian_curb,28,0.5,3.167,3.667,0.6331,0.5689,0.6816,0.4257,1.0,0.0245,0.5934,3.667
pedestrian_curb,28,1.0,3.167,4.167,0.6245,0.5789,0.6403,0.4144,1.0,0.0145,0.5934,4.167
pedestrian_curb,28,1.5,3.167,4.667,0.6153,0.5773,0.6015,0.4197,1.0,0.0161,0.5934,4.667
pedestrian_curb,28,2.0,3.167,5.167,0.6151,0.5934,0.5651,0.4324,1.0,0.0,0.5934,5.167
pedestrian_curb,29,-2.0,3.133,1.133,0.6037,0.0805,0.9277,0.9478,1.0,0.5104,0.5908,1.133
pedestrian_curb,29,-1.5,3.133,1.633,0.4808,-0.0762,0.8715,0.717,1.0,0.6671,0.5908,1.633
pedestrian_curb,29,-1.0,3.133,2.133,0.5765,0.3383,0.8187,0.4328,1.0,0.2526,0.5908,2.133
pedestrian_curb,29,-0.5,3.133,2.633,0.6135,0.5027,0.7691,0.3507,1.0,0.0881,0.5908,2.633
pedestrian_curb,29,0.0,3.133,3.133,0.6152,0.5149,0.7225,0.3932,1.0,0.0759,0.5908,3.133
pedestrian_curb,29,0.5,3.133,3.633,0.6222,0.5399,0.6788,0.4327,1.0,0.0509,0.5908,3.633
pedestrian_curb,29,1.0,3.133,4.133,0.6235,0.5775,0.6376,0.4153,1.0,0.0134,0.5908,4.133
pedestrian_curb,29,1.5,3.133,4.633,0.6188,0.5871,0.599,0.421,1.0,0.0037,0.5908,4.633
pedestrian_curb,29,2.0,3.133,5.133,0.6138,0.5908,0.5627,0.4341,1.0,0.0,0.5908,5.133
merge_hesitation,0,-2.0,5.667,3.667,0.3238,0.0121,0.6759,0.0,1.0,0.0,0.0121,3.667
merge_hesitation,0,-1.5,5.667,4.167,0.3136,0.0121,0.635,0.0,1.0,0.0,0.0121,4.167
merge_hesitation,0,-1.0,5.667,4.667,0.304,0.0121,0.5965,0.0,1.0,0.0,0.0121,4.667
merge_hesitation,0,-0.5,5.667,5.167,0.2949,0.0121,0.5604,0.0,1.0,0.0,0.0121,5.167
merge_hesitation,0,0.0,5.667,5.667,0.2837,0.0046,0.5264,0.0012,1.0,0.0075,0.0121,5.667
merge_hesitation,0,0.5,5.667,6.167,0.2785,0.0121,0.4945,0.0,1.0,0.0,0.0121,6.167
merge_hesitation,0,1.0,5.667,6.667,0.271,0.0121,0.4646,0.0,1.0,0.0,0.0121,6.667
merge_hesitation,0,1.5,5.667,7.167,0.2626,0.0086,0.4364,0.0,1.0,0.0035,0.0121,7.167
merge_hesitation,0,2.0,5.667,7.667,0.2573,0.0121,0.41,0.0,1.0,0.0,0.0121,7.667
merge_hesitation,1,-2.0,5.667,3.667,0.319,0.0,0.6759,0.0,1.0,0.0,0.0,3.667
merge_hesitation,1,-1.5,5.667,4.167,0.3087,0.0,0.635,0.0,1.0,0.0,0.0,4.167
merge_hesitation,1,-1.0,5.667,4.667,0.2991,0.0,0.5965,0.0,1.0,0.0,0.0,4.667
merge_hesitation,1,-0.5,5.667,5.167,0.2831,-0.0174,0.5604,0.0,1.0,0.0174,0.0,5.167
merge_hesitation,1,0.0,5.667,5.667,0.2862,0.0,0.5264,0.0229,1.0,0.0,0.0,5.667
merge_hesitation,1,0.5,5.667,6.167,0.2713,-0.0058,0.4945,0.0,1.0,0.0058,0.0,6.167
merge_hesitation,1,1.0,5.667,6.667,0.2661,0.0,0.4646,0.0,1.0,0.0,0.0,6.667
merge_hesitation,1,1.5,5.667,7.167,0.2591,0.0,0.4364,0.0,1.0,0.0,0.0,7.167
merge_hesitation,1,2.0,5.667,7.667,0.2495,-0.0076,0.41,0.0,1.0,0.0076,0.0,7.667
merge_hesitation,2,-2.0,5.633,3.633,0.3324,0.0335,0.6759,0.0,1.0,0.0,0.0335,3.633
merge_hesitation,2,-1.5,5.633,4.133,0.3221,0.0335,0.635,0.0,1.0,0.0,0.0335,4.133
merge_hesitation,2,-1.0,5.633,4.633,0.3125,0.0335,0.5965,0.0,1.0,0.0,0.0335,4.633
merge_hesitation,2,-0.5,5.633,5.133,0.3035,0.0335,0.5604,0.0,1.0,0.0,0.0335,5.133
merge_hesitation,2,0.0,5.633,5.633,0.2947,0.0277,0.5264,0.0101,1.0,0.0058,0.0335,5.633
merge_hesitation,2,0.5,5.633,6.133,0.287,0.0335,0.4945,0.0,1.0,0.0,0.0335,6.133
merge_hesitation,2,1.0,5.633,6.633,0.2795,0.0335,0.4646,0.0,1.0,0.0,0.0335,6.633
merge_hesitation,2,1.5,5.633,7.133,0.2725,0.0335,0.4364,0.0,1.0,0.0,0.0335,7.133
merge_hesitation,2,2.0,5.633,7.633,0.2631,0.0266,0.41,0.0,1.0,0.007,0.0335,7.633
merge_hesitation,3,-2.0,5.633,3.633,0.3041,-0.0371,0.6759,0.0,1.0,0.0371,0.0,3.633
merge_hesitation,3,-1.5,5.633,4.133,0.3087,0.0,0.635,0.0,1.0,0.0,0.0,4.133
merge_hesitation,3,-1.0,5.633,4.633,0.2991,0.0,0.5965,0.0,1.0,0.0,0.0,4.633
merge_hesitation,3,-0.5,5.633,5.133,0.2901,0.0,0.5604,0.0,1.0,0.0,0.0,5.133
merge_hesitation,3,0.0,5.633,5.633,0.2791,-0.0146,0.5264,0.0169,1.0,0.0146,0.0,5.633
merge_hesitation,3,0.5,5.633,6.133,0.2661,-0.0188,0.4945,0.0,1.0,0.0188,0.0,6.133
merge_hesitation,3,1.0,5.633,6.633,0.2656,-0.0012,0.4646,0.0,1.0,0.0012,0.0,6.633
merge_hesitation,3,1.5,5.633,7.133,0.2591,0.0,0.4364,0.0,1.0,0.0,0.0,7.133
merge_hesitation,3,2.0,5.633,7.633,0.2464,-0.0152,0.41,0.0,1.0,0.0152,0.0,7.633
merge_hesitation,4,-2.0,5.7,3.7,0.3176,0.0,0.6703,0.0,1.0,0.0,0.0,3.7
merge_hesitation,4,-1.5,5.7,4.2,0.3074,0.0,0.6297,0.0,1.0,0.0,0.0,4.2
merge_hesitation,4,-1.0,5.7,4.7,0.2911,-0.0171,0.5916,0.0,1.0,0.0171,0.0,4.7
merge_hesitation,4,-0.5,5.7,5.2,0.286,-0.0073,0.5557,0.0,1.0,0.0073,0.0,5.2
merge_hesitation,4,0.0,5.7,5.7,0.2835,0.0,0.522,0.015,1.0,0.0,0.0,5.7
merge_hesitation,4,0.5,5.7,6.2,0.2722,-0.0009,0.4904,0.0,1.0,0.0009,0.0,6.2
merge_hesitation,4,1.0,5.7,6.7,0.2652,0.0,0.4607,0.0,1.0,0.0,0.0,6.7
merge_hesitation,4,1.5,5.7,7.2,0.2561,-0.0053,0.4328,0.0,1.0,0.0053,0.0,7.2
merge_hesitation,4,2.0,5.7,7.7,0.2498,-0.0046,0.4066,0.0,1.0,0.0046,0.0,7.7
merge_hesitation,5,-2.0,5.667,3.667,0.3113,-0.0175,0.6731,0.0,1.0,0.0175,0.0,3.667
merge_hesitation,5,-1.5,5.667,4.167,0.3081,0.0,0.6323,0.0,1.0,0.0,0.0,4.167
merge_hesitation,5,-1.0,5.667,4.667,0.2985,0.0,0.594,0.0,1.0,0.0,0.0,4.667
merge_hesitation,5,-0.5,5.667,5.167,0.2784,-0.0277,0.558,0.0,1.0,0.0277,0.0,5.167
merge_hesitation,5,0.0,5.667,5.667,0.2824,0.0,0.5242,0.0068,1.0,0.0,0.0,5.667
merge_hesitation,5,0.5,5.667,6.167,0.2731,0.0,0.4925,0.0,1.0,0.0,0.0,6.167
merge_hesitation,5,1.0,5.667,6.667,0.2643,-0.0033,0.4626,0.0,1.0,0.0033,0.0,6.667
merge_hesitation,5,1.5,5.667,7.167,0.256,-0.0065,0.4346,0.0,1.0,0.0065,0.0,7.167
merge_hesitation,5,2.0,5.667,7.667,0.2521,0.0,0.4083,0.0,1.0,0.0,0.0,7.667
merge_hesitation,6,-2.0,5.667,3.667,0.3155,-0.0123,0.6816,0.0,1.0,0.0123,0.0,3.667
merge_hesitation,6,-1.5,5.667,4.167,0.3101,0.0,0.6403,0.0,1.0,0.0,0.0,4.167
merge_hesitation,6,-1.0,5.667,4.667,0.2936,-0.017,0.6015,0.0,1.0,0.017,0.0,4.667
merge_hesitation,6,-0.5,5.667,5.167,0.2904,-0.0022,0.5651,0.0,1.0,0.0022,0.0,5.167
merge_hesitation,6,0.0,5.667,5.667,0.2809,-0.0113,0.5308,0.0134,1.0,0.0113,0.0,5.667
merge_hesitation,6,0.5,5.667,6.167,0.2731,-0.004,0.4987,0.0,1.0,0.004,0.0,6.167
merge_hesitation,6,1.0,5.667,6.667,0.2671,0.0,0.4684,0.0,1.0,0.0,0.0,6.667
merge_hesitation,6,1.5,5.667,7.167,0.26,0.0,0.4401,0.0,1.0,0.0,0.0,7.167
merge_hesitation,6,2.0,5.667,7.667,0.2534,0.0,0.4134,0.0,1.0,0.0,0.0,7.667
merge_hesitation,7,-2.0,5.7,3.7,0.3201,0.0029,0.6759,0.0,1.0,0.0019,0.0048,3.7
merge_hesitation,7,-1.5,5.7,4.2,0.3107,0.0048,0.635,0.0,1.0,0.0,0.0048,4.2
merge_hesitation,7,-1.0,5.7,4.7,0.299,-0.0004,0.5965,0.0,1.0,0.0052,0.0048,4.7
merge_hesitation,7,-0.5,5.7,5.2,0.2875,-0.0066,0.5604,0.0,1.0,0.0114,0.0048,5.2
merge_hesitation,7,0.0,5.7,5.7,0.2836,0.0048,0.5264,0.0005,1.0,0.0,0.0048,5.7
merge_hesitation,7,0.5,5.7,6.2,0.2756,0.0048,0.4945,0.0,1.0,0.0,0.0048,6.2
merge_hesitation,7,1.0,5.7,6.7,0.2681,0.0048,0.4646,0.0,1.0,0.0,0.0048,6.7
merge_hesitation,7,1.5,5.7,7.2,0.261,0.0048,0.4364,0.0,1.0,0.0,0.0048,7.2
merge_hesitation,7,2.0,5.7,7.7,0.2544,0.0048,0.41,0.0,1.0,0.0,0.0048,7.7
merge_hesitation,8,-2.0,5.667,3.667,0.319,0.0,0.6759,0.0,1.0,0.0,0.0,3.667
merge_hesitation,8,-1.5,5.667,4.167,0.3079,-0.0022,0.635,0.0,1.0,0.0022,0.0,4.167
merge_hesitation,8,-1.0,5.667,4.667,0.2935,-0.014,0.5965,0.0,1.0,0.014,0.0,4.667
merge_hesitation,8,-0.5,5.667,5.167,0.2901,0.0,0.5604,0.0,1.0,0.0,0.0,5.167
merge_hesitation,8,0.0,5.667,5.667,0.2838,0.0,0.5264,0.0111,1.0,0.0,0.0,5.667
merge_hesitation,8,0.5,5.667,6.167,0.2723,-0.0034,0.4945,0.0,1.0,0.0034,0.0,6.167
merge_hesitation,8,1.0,5.667,6.667,0.2653,-0.0021,0.4646,0.0,1.0,0.0021,0.0,6.667
merge_hesitation,8,1.5,5.667,7.167,0.2591,0.0,0.4364,0.0,1.0,0.0,0.0,7.167
merge_hesitation,8,2.0,5.667,7.667,0.2525,0.0,0.41,0.0,1.0,0.0,0.0,7.667
merge_hesitation,9,-2.0,5.667,3.667,0.319,0.0,0.6759,0.0,1.0,0.0,0.0,3.667
merge_hesitation,9,-1.5,5.667,4.167,0.3087,0.0,0.635,0.0,1.0,0.0,0.0,4.167
merge_hesitation,9,-1.0,5.667,4.667,0.2863,-0.032,0.5965,0.0,1.0,0.032,0.0,4.667
merge_hesitation,9,-0.5,5.667,5.167,0.2901,0.0,0.5604,0.0,1.0,0.0,0.0,5.167
merge_hesitation,9,0.0,5.667,5.667,0.2827,0.0,0.5264,0.0054,1.0,0.0,0.0,5.667
merge_hesitation,9,0.5,5.667,6.167,0.265,-0.0216,0.4945,0.0,1.0,0.0216,0.0,6.167
merge_hesitation,9,1.0,5.667,6.667,0.2661,0.0,0.4646,0.0,1.0,0.0,0.0,6.667
merge_hesitation,9,1.5,5.667,7.167,0.2591,0.0,0.4364,0.0,1.0,0.0,0.0,7.167
merge_hesitation,9,2.0,5.667,7.667,0.2405,-0.0299,0.41,0.0,1.0,0.0299,0.0,7.667
merge_hesitation,10,-2.0,5.7,3.7,0.3176,0.0,0.6703,0.0,1.0,0.0,0.0,3.7
merge_hesitation,10,-1.5,5.7,4.2,0.2972,-0.0257,0.6297,0.0,1.0,0.0257,0.0,4.2
merge_hesitation,10,-1.0,5.7,4.7,0.2956,-0.0058,0.5916,0.0,1.0,0.0058,0.0,4.7
merge_hesitation,10,-0.5,5.7,5.2,0.2889,0.0,0.5557,0.0,1.0,0.0,0.0,5.2
merge_hesitation,10,0.0,5.7,5.7,0.2723,-0.0205,0.522,0.0,1.0,0.0205,0.0,5.7
merge_hesitation,10,0.5,5.7,6.2,0.2685,-0.0102,0.4904,0.0,1.0,0.0102,0.0,6.2
merge_hesitation,10,1.0,5.7,6.7,0.2612,-0.0098,0.4607,0.0,1.0,0.0098,0.0,6.7
merge_hesitation,10,1.5,5.7,7.2,0.2582,0.0,0.4328,0.0,1.0,0.0,0.0,7.2
merge_hesitation,10,2.0,5.7,7.7,0.2369,-0.0369,0.4066,0.0,1.0,0.0369,0.0,7.7
merge_hesitation,11,-2.0,5.667,3.667,0.3137,-0.0114,0.6731,0.0,1.0,0.0203,0.0089,3.667
merge_hesitation,11,-1.5,5.667,4.167,0.3043,-0.0096,0.6323,0.0,1.0,0.0184,0.0089,4.167
merge_hesitation,11,-1.0,5.667,4.667,0.3014,0.0074,0.594,0.0,1.0,0.0015,0.0089,4.667
merge_hesitation,11,-0.5,5.667,5.167,0.2931,0.0089,0.558,0.0,1.0,0.0,0.0089,5.167
merge_hesitation,11,0.0,5.667,5.667,0.2841,0.006,0.5242,0.0033,1.0,0.0029,0.0089,5.667
merge_hesitation,11,0.5,5.667,6.167,0.2625,-0.0266,0.4925,0.0,1.0,0.0355,0.0089,6.167
merge_hesitation,11,1.0,5.667,6.667,0.2679,0.0055,0.4626,0.0,1.0,0.0034,0.0089,6.667
merge_hesitation,11,1.5,5.667,7.167,0.2622,0.0089,0.4346,0.0,1.0,0.0,0.0089,7.167
merge_hesitation,11,2.0,5.667,7.667,0.2556,0.0089,0.4083,0.0,1.0,0.0,0.0089,7.667
merge_hesitation,12,-2.0,5.667,3.667,0.3183,0.0,0.6731,0.0,1.0,0.0,0.0,3.667
merge_hesitation,12,-1.5,5.667,4.167,0.3081,0.0,0.6323,0.0,1.0,0.0,0.0,4.167
merge_hesitation,12,-1.0,5.667,4.667,0.2979,-0.0014,0.594,0.0,1.0,0.0014,0.0,4.667
merge_hesitation,12,-0.5,5.667,5.167,0.2895,0.0,0.558,0.0,1.0,0.0,0.0,5.167
merge_hesitation,12,0.0,5.667,5.667,0.2841,0.0,0.5242,0.0151,1.0,0.0,0.0,5.667
merge_hesitation,12,0.5,5.667,6.167,0.2717,-0.0035,0.4925,0.0,1.0,0.0035,0.0,6.167
merge_hesitation,12,1.0,5.667,6.667,0.2657,0.0,0.4626,0.0,1.0,0.0,0.0,6.667
merge_hesitation,12,1.5,5.667,7.167,0.2586,0.0,0.4346,0.0,1.0,0.0,0.0,7.167
merge_hesitation,12,2.0,5.667,7.667,0.2521,0.0,0.4083,0.0,1.0,0.0,0.0,7.667
merge_hesitation,13,-2.0,5.633,3.633,0.321,0.0051,0.6759,0.0,1.0,0.0,0.0051,3.633
merge_hesitation,13,-1.5,5.633,4.133,0.3084,-0.0008,0.635,0.0,1.0,0.0059,0.0051,4.133
merge_hesitation,13,-1.0,5.633,4.633,0.3012,0.0051,0.5965,0.0,1.0,0.0,0.0051,4.633
merge_hesitation,13,-0.5,5.633,5.133,0.2879,-0.0055,0.5604,0.0,1.0,0.0106,0.0051,5.133
merge_hesitation,13,0.0,5.633,5.633,0.2802,-0.0073,0.5264,0.0079,1.0,0.0124,0.0051,5.633
merge_hesitation,13,0.5,5.633,6.133,0.2755,0.0046,0.4945,0.0,1.0,0.0005,0.0051,6.133
merge_hesitation,13,1.0,5.633,6.633,0.2682,0.0051,0.4646,0.0,1.0,0.0,0.0051,6.633
merge_hesitation,13,1.5,5.633,7.133,0.2611,0.0051,0.4364,0.0,1.0,0.0,0.0051,7.133
merge_hesitation,13,2.0,5.633,7.633,0.2508,-0.0043,0.41,0.0,1.0,0.0094,0.0051,7.633
merge_hesitation,14,-2.0,5.633,3.633,0.3204,0.0,0.6816,0.0,1.0,0.0,0.0,3.633
merge_hesitation,14,-1.5,5.633,4.133,0.3026,-0.0187,0.6403,0.0,1.0,0.0187,0.0,4.133
merge_hesitation,14,-1.0,5.633,4.633,0.292,-0.0209,0.6015,0.0,1.0,0.0209,0.0,4.633
merge_hesitation,14,-0.5,5.633,5.133,0.2859,-0.0133,0.5651,0.0,1.0,0.0133,0.0,5.133
merge_hesitation,14,0.0,5.633,5.633,0.2857,0.0,0.5308,0.0152,1.0,0.0,0.0,5.633
merge_hesitation,14,0.5,5.633,6.133,0.2737,-0.0024,0.4987,0.0,1.0,0.0024,0.0,6.133
merge_hesitation,14,1.0,5.633,6.633,0.2592,-0.0198,0.4684,0.0,1.0,0.0198,0.0,6.633
merge_hesitation,14,1.5,5.633,7.133,0.257,-0.0075,0.4401,0.0,1.0,0.0075,0.0,7.133
merge_hesitation,14,2.0,5.633,7.633,0.2534,0.0,0.4134,0.0,1.0,0.0,0.0,7.633
merge_hesitation,15,-2.0,5.7,3.7,0.3183,0.0,0.6731,0.0,1.0,0.0,0.0,3.7
merge_hesitation,15,-1.5,5.7,4.2,0.3025,-0.014,0.6323,0.0,1.0,0.014,0.0,4.2
merge_hesitation,15,-1.0,5.7,4.7,0.2985,0.0,0.594,0.0,1.0,0.0,0.0,4.7
merge_hesitation,15,-0.5,5.7,5.2,0.2895,0.0,0.558,0.0,1.0,0.0,0.0,5.2
merge_hesitation,15,0.0,5.7,5.7,0.285,0.0,0.5242,0.0198,1.0,0.0,0.0,5.7
merge_hesitation,15,0.5,5.7,6.2,0.2731,0.0,0.4925,0.0,1.0,0.0,0.0,6.2
merge_hesitation,15,1.0,5.7,6.7,0.2651,-0.0014,0.4626,0.0,1.0,0.0014,0.0,6.7
merge_hesitation,15,1.5,5.7,7.2,0.2565,-0.0053,0.4346,0.0,1.0,0.0053,0.0,7.2
merge_hesitation,15,2.0,5.7,7.7,0.2518,-0.0007,0.4083,0.0,1.0,0.0007,0.0,7.7
merge_hesitation,16,-2.0,5.667,3.667,0.3238,0.0139,0.6731,0.0,1.0,0.0,0.0139,3.667
merge_hesitation,16,-1.5,5.667,4.167,0.3113,0.0082,0.6323,0.0,1.0,0.0057,0.0139,4.167
merge_hesitation,16,-1.0,5.667,4.667,0.3041,0.0139,0.594,0.0,1.0,0.0,0.0139,4.667
merge_hesitation,16,-0.5,5.667,5.167,0.2865,-0.0076,0.558,0.0,1.0,0.0215,0.0139,5.167
merge_hesitation,16,0.0,5.667,5.667,0.2872,0.0139,0.5242,0.0029,1.0,0.0,0.0139,5.667
merge_hesitation,16,0.5,5.667,6.167,0.2787,0.0139,0.4925,0.0,1.0,0.0,0.0139,6.167
merge_hesitation,16,1.0,5.667,6.667,0.2624,-0.0081,0.4626,0.0,1.0,0.0219,0.0139,6.667
merge_hesitation,16,1.5,5.667,7.167,0.2532,-0.0136,0.4346,0.0,1.0,0.0275,0.0139,7.167
merge_hesitation,16,2.0,5.667,7.667,0.2576,0.0139,0.4083,0.0,1.0,0.0,0.0139,7.667
merge_hesitation,17,-2.0,5.7,3.7,0.3131,-0.0147,0.6759,0.0,1.0,0.0147,0.0,3.7
merge_hesitation,17,-1.5,5.7,4.2,0.3029,-0.0146,0.635,0.0,1.0,0.0146,0.0,4.2
merge_hesitation,17,-1.0,5.7,4.7,0.297,-0.0054,0.5965,0.0,1.0,0.0054,0.0,4.7
merge_hesitation,17,-0.5,5.7,5.2,0.2879,-0.0054,0.5604,0.0,1.0,0.0054,0.0,5.2
merge_hesitation,17,0.0,5.7,5.7,0.276,-0.0191,0.5264,0.0104,1.0,0.0191,0.0,5.7
merge_hesitation,17,0.5,5.7,6.2,0.2736,0.0,0.4945,0.0,1.0,0.0,0.0,6.2
merge_hesitation,17,1.0,5.7,6.7,0.2617,-0.0111,0.4646,0.0,1.0,0.0111,0.0,6.7
merge_hesitation,17,1.5,5.7,7.2,0.2539,-0.013,0.4364,0.0,1.0,0.013,0.0,7.2
merge_hesitation,17,2.0,5.7,7.7,0.2452,-0.0181,0.41,0.0,1.0,0.0181,0.0,7.7
merge_hesitation,18,-2.0,5.633,3.633,0.3237,0.0065,0.6844,0.0,1.0,0.0027,0.0092,3.633
merge_hesitation,18,-1.5,5.633,4.133,0.3066,-0.0104,0.643,0.0,1.0,0.0196,0.0092,4.133
merge_hesitation,18,-1.0,5.633,4.633,0.3029,0.0048,0.604,0.0,1.0,0.0045,0.0092,4.633
merge_hesitation,18,-0.5,5.633,5.133,0.2955,0.0092,0.5674,0.0,1.0,0.0,0.0092,5.133
merge_hesitation,18,0.0,5.633,5.633,0.2809,-0.0124,0.533,0.0129,1.0,0.0216,0.0092,5.633
merge_hesitation,18,0.5,5.633,6.133,0.2765,0.0033,0.5007,0.0,1.0,0.0059,0.0092,6.133
merge_hesitation,18,1.0,5.633,6.633,0.2593,-0.0208,0.4704,0.0,1.0,0.03,0.0092,6.633
merge_hesitation,18,1.5,5.633,7.133,0.2572,-0.0082,0.4419,0.0,1.0,0.0174,0.0092,7.133
merge_hesitation,18,2.0,5.633,7.633,0.2461,-0.0192,0.4151,0.0,1.0,0.0285,0.0092,7.633
merge_hesitation,19,-2.0,5.633,3.633,0.3129,-0.017,0.6788,0.0,1.0,0.017,0.0,3.633
merge_hesitation,19,-1.5,5.633,4.133,0.3094,0.0,0.6376,0.0,1.0,0.0,0.0,4.133
merge_hesitation,19,-1.0,5.633,4.633,0.2997,0.0,0.599,0.0,1.0,0.0,0.0,4.633
merge_hesitation,19,-0.5,5.633,5.133,0.2866,-0.0103,0.5627,0.0,1.0,0.0103,0.0,5.133
merge_hesitation,19,0.0,5.633,5.633,0.2814,-0.0109,0.5286,0.018,1.0,0.0109,0.0,5.633
merge_hesitation,19,0.5,5.633,6.133,0.2741,0.0,0.4966,0.0,1.0,0.0,0.0,6.133
merge_hesitation,19,1.0,5.633,6.633,0.2666,0.0,0.4665,0.0,1.0,0.0,0.0,6.633
merge_hesitation,19,1.5,5.633,7.133,0.2596,0.0,0.4382,0.0,1.0,0.0,0.0,7.133
merge_hesitation,19,2.0,5.633,7.633,0.2529,0.0,0.4117,0.0,1.0,0.0,0.0,7.633
merge_hesitation,20,-2.0,6.1,4.1,0.3128,0.0,0.6511,0.0,1.0,0.0,0.0,4.1
merge_hesitation,20,-1.5,6.1,4.6,0.3029,0.0,0.6116,0.0,1.0,0.0,0.0,4.6
merge_hesitation,20,-1.0,6.1,5.1,0.2929,-0.0019,0.5746,0.0,1.0,0.0019,0.0,5.1
merge_hesitation,20,-0.5,6.1,5.6,0.2745,-0.0301,0.5397,0.0079,1.0,0.0301,0.0,5.6
merge_hesitation,20,0.0,6.1,6.1,0.2768,0.0,0.507,0.0,1.0,0.0,0.0,6.1
merge_hesitation,20,0.5,6.1,6.6,0.2691,0.0,0.4763,0.0,1.0,0.0,0.0,6.6
merge_hesitation,20,1.0,6.1,7.1,0.2543,-0.0188,0.4475,0.0,1.0,0.0188,0.0,7.1
merge_hesitation,20,1.5,6.1,7.6,0.2503,-0.012,0.4204,0.0,1.0,0.012,0.0,7.6
merge_hesitation,20,2.0,6.1,8.1,0.2504,0.0,0.4015,0.0,1.0,0.0,0.0,7.967
merge_hesitation,21,-2.0,5.667,3.667,0.3202,0.0048,0.6731,0.0,1.0,0.0,0.0048,3.667
merge_hesitation,21,-1.5,5.667,4.167,0.31,0.0048,0.6323,0.0,1.0,0.0,0.0048,4.167
merge_hesitation,21,-1.0,5.667,4.667,0.2901,-0.0211,0.594,0.0,1.0,0.0259,0.0048,4.667
merge_hesitation,21,-0.5,5.667,5.167,0.2872,-0.0057,0.558,0.0,1.0,0.0105,0.0048,5.167
merge_hesitation,21,0.0,5.667,5.667,0.2855,0.0048,0.5242,0.0127,1.0,0.0,0.0048,5.667
merge_hesitation,21,0.5,5.667,6.167,0.275,0.0048,0.4925,0.0,1.0,0.0,0.0048,6.167
merge_hesitation,21,1.0,5.667,6.667,0.2676,0.0048,0.4626,0.0,1.0,0.0,0.0048,6.667
merge_hesitation,21,1.5,5.667,7.167,0.2606,0.0048,0.4346,0.0,1.0,0.0,0.0048,7.167
merge_hesitation,21,2.0,5.667,7.667,0.2513,-0.002,0.4083,0.0,1.0,0.0068,0.0048,7.667
merge_hesitation,22,-2.0,5.633,3.633,0.319,0.0,0.6759,0.0,1.0,0.0,0.0,3.633
merge_hesitation,22,-1.5,5.633,4.133,0.3087,0.0,0.635,0.0,1.0,0.0,0.0,4.133
merge_hesitation,22,-1.0,5.633,4.633,0.2847,-0.0361,0.5965,0.0,1.0,0.0361,0.0,4.633
merge_hesitation,22,-0.5,5.633,5.133,0.2901,0.0,0.5604,0.0,1.0,0.0,0.0,5.133
merge_hesitation,22,0.0,5.633,5.633,0.2841,-0.003,0.5264,0.0184,1.0,0.003,0.0,5.633
merge_hesitation,22,0.5,5.633,6.133,0.2655,-0.0204,0.4945,0.0,1.0,0.0204,0.0,6.133
merge_hesitation,22,1.0,5.633,6.633,0.2657,-0.0012,0.4646,0.0,1.0,0.0012,0.0,6.633
merge_hesitation,22,1.5,5.633,7.133,0.2531,-0.0149,0.4364,0.0,1.0,0.0149,0.0,7.133
merge_hesitation,22,2.0,5.633,7.633,0.2525,0.0,0.41,0.0,1.0,0.0,0.0,7.633
merge_hesitation,23,-2.0,5.633,3.633,0.3186,-0.0009,0.6759,0.0,1.0,0.0009,0.0,3.633
merge_hesitation,23,-1.5,5.633,4.133,0.3087,0.0,0.635,0.0,1.0,0.0,0.0,4.133
merge_hesitation,23,-1.0,5.633,4.633,0.2991,0.0,0.5965,0.0,1.0,0.0,0.0,4.633
merge_hesitation,23,-0.5,5.633,5.133,0.2729,-0.043,0.5604,0.0,1.0,0.043,0.0,5.133
merge_hesitation,23,0.0,5.633,5.633,0.2789,-0.0083,0.5264,0.0031,1.0,0.0083,0.0,5.633
merge_hesitation,23,0.5,5.633,6.133,0.2736,0.0,0.4945,0.0,1.0,0.0,0.0,6.133
merge_hesitation,23,1.0,5.633,6.633,0.2659,-0.0005,0.4646,0.0,1.0,0.0005,0.0,6.633
merge_hesitation,23,1.5,5.633,7.133,0.2591,0.0,0.4364,0.0,1.0,0.0,0.0,7.133
merge_hesitation,23,2.0,5.633,7.633,0.2525,0.0,0.41,0.0,1.0,0.0,0.0,7.633
merge_hesitation,24,-2.0,5.667,3.667,0.3192,-0.0083,0.6902,0.0,1.0,0.0083,0.0,3.667
merge_hesitation,24,-1.5,5.667,4.167,0.3121,0.0,0.6483,0.0,1.0,0.0,0.0,4.167
merge_hesitation,24,-1.0,5.667,4.667,0.3007,-0.0038,0.6091,0.0,1.0,0.0038,0.0,4.667
merge_hesitation,24,-0.5,5.667,5.167,0.293,0.0,0.5722,0.0,1.0,0.0,0.0,5.167
merge_hesitation,24,0.0,5.667,5.667,0.2765,-0.0236,0.5375,0.0081,1.0,0.0236,0.0,5.667
merge_hesitation,24,0.5,5.667,6.167,0.2762,0.0,0.5049,0.0,1.0,0.0,0.0,6.167
merge_hesitation,24,1.0,5.667,6.667,0.2686,0.0,0.4743,0.0,1.0,0.0,0.0,6.667
merge_hesitation,24,1.5,5.667,7.167,0.2603,-0.0028,0.4456,0.0,1.0,0.0028,0.0,7.167
merge_hesitation,24,2.0,5.667,7.667,0.2509,-0.0093,0.4186,0.0,1.0,0.0093,0.0,7.667
merge_hesitation,25,-2.0,5.633,3.633,0.3235,0.0113,0.6759,0.0,1.0,0.0,0.0113,3.633
merge_hesitation,25,-1.5,5.633,4.133,0.3115,0.007,0.635,0.0,1.0,0.0043,0.0113,4.133
merge_hesitation,25,-1.0,5.633,4.633,0.3037,0.0113,0.5965,0.0,1.0,0.0,0.0113,4.633
merge_hesitation,25,-0.5,5.633,5.133,0.2822,-0.0197,0.5604,0.0,1.0,0.031,0.0113,5.133
merge_hesitation,25,0.0,5.633,5.633,0.2885,0.0113,0.5264,0.0118,1.0,0.0,0.0113,5.633
merge_hesitation,25,0.5,5.633,6.133,0.2719,-0.0044,0.4945,0.0,1.0,0.0158,0.0113,6.133
merge_hesitation,25,1.0,5.633,6.633,0.2633,-0.0071,0.4646,0.0,1.0,0.0185,0.0113,6.633
merge_hesitation,25,1.5,5.633,7.133,0.2509,-0.0205,0.4364,0.0,1.0,0.0318,0.0113,7.133
merge_hesitation,25,2.0,5.633,7.633,0.257,0.0113,0.41,0.0,1.0,0.0001,0.0113,7.633
merge_hesitation,26,-2.0,5.633,3.633,0.3154,-0.0106,0.6788,0.0,1.0,0.0195,0.0089,3.633
merge_hesitation,26,-1.5,5.633,4.133,0.313,0.0089,0.6376,0.0,1.0,0.0,0.0089,4.133
merge_hesitation,26,-1.0,5.633,4.633,0.3019,0.0054,0.599,0.0,1.0,0.0035,0.0089,4.633
merge_hesitation,26,-0.5,5.633,5.133,0.294,0.0083,0.5627,0.0,1.0,0.0007,0.0089,5.133
merge_hesitation,26,0.0,5.633,5.633,0.2896,0.0089,0.5286,0.0192,1.0,0.0,0.0089,5.633
merge_hesitation,26,0.5,5.633,6.133,0.2777,0.0089,0.4966,0.0,1.0,0.0,0.0089,6.133
merge_hesitation,26,1.0,5.633,6.633,0.2702,0.0089,0.4665,0.0,1.0,0.0,0.0089,6.633
merge_hesitation,26,1.5,5.633,7.133,0.2507,-0.022,0.4382,0.0,1.0,0.0309,0.0089,7.133
merge_hesitation,26,2.0,5.633,7.633,0.2459,-0.0176,0.4117,0.0,1.0,0.0265,0.0089,7.633
merge_hesitation,27,-2.0,5.667,3.667,0.3176,-0.0017,0.6731,0.0,1.0,0.024,0.0223,3.667
merge_hesitation,27,-1.5,5.667,4.167,0.317,0.0223,0.6323,0.0,1.0,0.0,0.0223,4.167
merge_hesitation,27,-1.0,5.667,4.667,0.3056,0.0178,0.594,0.0,1.0,0.0045,0.0223,4.667
merge_hesitation,27,-0.5,5.667,5.167,0.2984,0.0223,0.558,0.0,1.0,0.0,0.0223,5.167
merge_hesitation,27,0.0,5.667,5.667,0.2801,-0.007,0.5242,0.0091,1.0,0.0293,0.0223,5.667
merge_hesitation,27,0.5,5.667,6.167,0.282,0.0223,0.4925,0.0,1.0,0.0,0.0223,6.167
merge_hesitation,27,1.0,5.667,6.667,0.2729,0.0182,0.4626,0.0,1.0,0.0041,0.0223,6.667
merge_hesitation,27,1.5,5.667,7.167,0.2676,0.0223,0.4346,0.0,1.0,0.0,0.0223,7.167
merge_hesitation,27,2.0,5.667,7.667,0.261,0.0223,0.4083,0.0,1.0,0.0,0.0223,7.667
merge_hesitation,28,-2.0,5.667,3.667,0.3157,-0.0064,0.6731,0.0,1.0,0.0075,0.0011,3.667
merge_hesitation,28,-1.5,5.667,4.167,0.2935,-0.0365,0.6323,0.0,1.0,0.0376,0.0011,4.167
merge_hesitation,28,-1.0,5.667,4.667,0.2983,-0.0005,0.594,0.0,1.0,0.0016,0.0011,4.667
merge_hesitation,28,-0.5,5.667,5.167,0.2899,0.0011,0.558,0.0,1.0,0.0,0.0011,5.167
merge_hesitation,28,0.0,5.667,5.667,0.2845,0.0011,0.5242,0.0149,1.0,0.0,0.0011,5.667
merge_hesitation,28,0.5,5.667,6.167,0.2734,0.0007,0.4925,0.0,1.0,0.0004,0.0011,6.167
merge_hesitation,28,1.0,5.667,6.667,0.2644,-0.0032,0.4626,0.0,1.0,0.0043,0.0011,6.667
merge_hesitation,28,1.5,5.667,7.167,0.2553,-0.0083,0.4346,0.0,1.0,0.0094,0.0011,7.167
merge_hesitation,28,2.0,5.667,7.667,0.2525,0.0011,0.4083,0.0,1.0,0.0,0.0011,7.667
merge_hesitation,29,-2.0,5.667,3.667,0.3146,-0.0127,0.6788,0.0,1.0,0.0217,0.009,3.667
merge_hesitation,29,-1.5,5.667,4.167,0.313,0.009,0.6376,0.0,1.0,0.0,0.009,4.167
merge_hesitation,29,-1.0,5.667,4.667,0.3033,0.009,0.599,0.0,1.0,0.0,0.009,4.667
merge_hesitation,29,-0.5,5.667,5.167,0.2943,0.009,0.5627,0.0,1.0,0.0,0.009,5.167
merge_hesitation,29,0.0,5.667,5.667,0.281,-0.0029,0.5286,0.0,1.0,0.0119,0.009,5.667
merge_hesitation,29,0.5,5.667,6.167,0.2777,0.009,0.4966,0.0,1.0,0.0,0.009,6.167
merge_hesitation,29,1.0,5.667,6.667,0.2702,0.009,0.4665,0.0,1.0,0.0,0.009,6.667
merge_hesitation,29,1.5,5.667,7.167,0.2631,0.009,0.4382,0.0,1.0,0.0,0.009,7.167
merge_hesitation,29,2.0,5.667,7.667,0.2565,0.009,0.4117,0.0,1.0,0.0,0.009,7.667
occluded_intersection,0,-2.0,4.467,2.467,0.3989,-0.2759,1.0,0.9213,0.5,0.66,0.3841,2.467
occluded_intersection,0,-1.5,4.467,2.967,0.4085,-0.2548,1.0,0.9271,0.5,0.6389,0.3841,2.967
occluded_intersection,0,-1.0,4.467,3.467,0.4129,-0.2466,1.0,0.9327,0.5,0.6307,0.3841,3.467
occluded_intersection,0,-0.5,4.467,3.967,0.6506,0.2375,0.9713,0.8137,1.0,0.1466,0.3841,3.967
occluded_intersection,0,0.0,4.467,4.467,0.6279,0.3841,0.9124,0.4806,1.0,0.0,0.3841,4.467
occluded_intersection,0,0.5,4.467,4.967,0.5681,0.3682,0.8571,0.2827,1.0,0.0159,0.3841,4.967
occluded_intersection,0,1.0,4.467,5.467,0.5378,0.383,0.8052,0.1662,1.0,0.001,0.3841,5.467
occluded_intersection,0,1.5,4.467,5.967,0.5116,0.3841,0.7564,0.0942,1.0,0.0,0.3841,5.967
occluded_intersection,0,2.0,4.467,6.467,0.4915,0.3841,0.7106,0.0512,1.0,0.0,0.3841,6.467
occluded_intersection,1,-2.0,4.433,2.433,0.3692,-0.3506,1.0,0.9224,0.5,0.6625,0.3119,2.433
occluded_intersection,1,-1.5,4.433,2.933,0.3736,-0.3431,1.0,0.9293,0.5,0.655,0.3119,2.933
occluded_intersection,1,-1.0,4.433,3.433,0.401,-0.2771,1.0,0.9342,0.5,0.589,0.3119,3.433
occluded_intersection,1,-0.5,4.433,3.933,0.6294,0.1893,0.9794,0.7945,1.0,0.1226,0.3119,3.933
occluded_intersection,1,0.0,4.433,4.433,0.6025,0.3119,0.92,0.4888,1.0,0.0,0.3119,4.433
occluded_intersection,1,0.5,4.433,4.933,0.5494,0.3119,0.8643,0.2928,1.0,0.0,0.3119,4.933
occluded_intersection,1,1.0,4.433,5.433,0.5121,0.3119,0.8119,0.1717,1.0,0.0,0.3119,5.433
occluded_intersection,1,1.5,4.433,5.933,0.4851,0.3119,0.7627,0.0983,1.0,0.0,0.3119,5.933
occluded_intersection,1,2.0,4.433,6.433,0.4662,0.3119,0.7165,0.0617,1.0,0.0,0.3119,6.433
occluded_intersection,2,-2.0,4.4,2.4,0.3806,-0.3214,1.0,0.9208,0.5,0.6571,0.3357,2.4
occluded_intersection,2,-1.5,4.4,2.9,0.3824,-0.32,1.0,0.9271,0.5,0.6557,0.3357,2.9
occluded_intersection,2,-1.0,4.4,3.4,0.3926,-0.2973,1.0,0.9328,0.5,0.633,0.3357,3.4
occluded_intersection,2,-0.5,4.4,3.9,0.4183,-0.2355,1.0,0.9376,0.5,0.5713,0.3357,3.9
occluded_intersection,2,0.0,4.4,4.4,0.6311,0.1878,0.9753,0.8107,1.0,0.1479,0.3357,4.4
occluded_intersection,2,0.5,4.4,4.9,0.6135,0.3357,0.9162,0.5008,1.0,0.0,0.3357,4.9
occluded_intersection,2,1.0,4.4,5.4,0.5609,0.3357,0.8607,0.3071,1.0,0.0,0.3357,5.4
occluded_intersection,2,1.5,4.4,5.9,0.5233,0.3357,0.8086,0.1845,1.0,0.0,0.3357,5.9
occluded_intersection,2,2.0,4.4,6.4,0.4947,0.3321,0.7596,0.1099,1.0,0.0036,0.3357,6.4
occluded_intersection,3,-2.0,4.5,2.5,0.3926,-0.2934,1.0,0.9249,0.5,0.6354,0.3419,2.5
occluded_intersection,3,-1.5,4.5,3.0,0.3801,-0.3278,1.0,0.9309,0.5,0.6697,0.3419,3.0
occluded_intersection,3,-1.0,4.5,3.5,0.4062,-0.2647,1.0,0.9355,0.5,0.6066,0.3419,3.5
occluded_intersection,3,-0.5,4.5,4.0,0.6397,0.2127,0.9753,0.8037,1.0,0.1292,0.3419,4.0
occluded_intersection,3,0.0,4.5,4.5,0.6051,0.3285,0.9162,0.4732,1.0,0.0134,0.3419,4.5
occluded_intersection,3,0.5,4.5,5.0,0.556,0.3382,0.8607,0.2779,1.0,0.0037,0.3419,5.0
occluded_intersection,3,1.0,4.5,5.5,0.5202,0.3419,0.8086,0.1567,1.0,0.0,0.3419,5.5
occluded_intersection,3,1.5,4.5,6.0,0.4929,0.3419,0.7596,0.0811,1.0,0.0,0.3419,6.0
occluded_intersection,3,2.0,4.5,6.5,0.4739,0.3419,0.7136,0.0436,1.0,0.0,0.3419,6.5
occluded_intersection,4,-2.0,4.567,2.567,0.39,-0.2999,1.0,0.925,0.5,0.6589,0.359,2.567
occluded_intersection,4,-1.5,4.567,3.067,0.3944,-0.2924,1.0,0.9317,0.5,0.6514,0.359,3.067
occluded_intersection,4,-1.0,4.567,3.567,0.4175,-0.2376,1.0,0.9376,0.5,0.5966,0.359,3.567
occluded_intersection,4,-0.5,4.567,4.067,0.636,0.2086,0.9753,0.7934,1.0,0.1504,0.359,4.067
occluded_intersection,4,0.0,4.567,4.567,0.6163,0.3509,0.9162,0.4844,1.0,0.0081,0.359,4.567
occluded_intersection,4,0.5,4.567,5.067,0.5599,0.3444,0.8607,0.285,1.0,0.0146,0.359,5.067
occluded_intersection,4,1.0,4.567,5.567,0.5241,0.3469,0.8086,0.1659,1.0,0.0121,0.359,5.567
occluded_intersection,4,1.5,4.567,6.067,0.5027,0.359,0.7596,0.0961,1.0,0.0,0.359,6.067
occluded_intersection,4,2.0,4.567,6.567,0.4833,0.359,0.7136,0.0564,1.0,0.0,0.359,6.567
occluded_intersection,5,-2.0,4.367,2.367,0.3891,-0.2969,1.0,0.9141,0.5,0.6569,0.36,2.367
occluded_intersection,5,-1.5,4.367,2.867,0.3886,-0.3001,1.0,0.918,0.5,0.6601,0.36,2.867
occluded_intersection,5,-1.0,4.367,3.367,0.3956,-0.2864,1.0,0.9259,0.5,0.6464,0.36,3.367
occluded_intersection,5,-0.5,4.367,3.867,0.6262,0.1724,0.9753,0.817,1.0,0.1875,0.36,3.867
occluded_intersection,5,0.0,4.367,4.367,0.6212,0.36,0.9162,0.4909,1.0,0.0,0.36,4.367
occluded_intersection,5,0.5,4.367,4.867,0.5647,0.3539,0.8607,0.2896,1.0,0.0061,0.36,4.867
occluded_intersection,5,1.0,4.367,5.367,0.5294,0.36,0.8086,0.1664,1.0,0.0,0.36,5.367
occluded_intersection,5,1.5,4.367,5.867,0.5019,0.36,0.7596,0.09,1.0,0.0,0.36,5.867
occluded_intersection,5,2.0,4.367,6.367,0.4787,0.3504,0.7136,0.0509,1.0,0.0096,0.36,6.367
occluded_intersection,6,-2.0,4.433,2.433,0.3915,-0.2975,1.0,0.9275,0.5,0.6542,0.3567,2.433
occluded_intersection,6,-1.5,4.433,2.933,0.3878,-0.3092,1.0,0.9323,0.5,0.6659,0.3567,2.933
occluded_intersection,6,-1.0,4.433,3.433,0.4243,-0.2203,1.0,0.9373,0.5,0.577,0.3567,3.433
occluded_intersection,6,-0.5,4.433,3.933,0.6543,0.2433,0.9794,0.8105,1.0,0.1134,0.3567,3.933
occluded_intersection,6,0.0,4.433,4.433,0.6241,0.3567,0.92,0.5071,1.0,0.0,0.3567,4.433
occluded_intersection,6,0.5,4.433,4.933,0.5685,0.3567,0.8643,0.2987,1.0,0.0,0.3567,4.933
occluded_intersection,6,1.0,4.433,5.433,0.531,0.3567,0.8119,0.1766,1.0,0.0,0.3567,5.433
occluded_intersection,6,1.5,4.433,5.933,0.5042,0.3567,0.7627,0.1043,1.0,0.0,0.3567,5.933
occluded_intersection,6,2.0,4.433,6.433,0.4822,0.3507,0.7165,0.0638,1.0,0.006,0.3567,6.433
occluded_intersection,7,-2.0,4.4,2.4,0.4133,-0.2393,1.0,0.9203,0.5,0.6398,0.4005,2.4
occluded_intersection,7,-1.5,4.4,2.9,0.409,-0.2538,1.0,0.9276,0.5,0.6543,0.4005,2.9
occluded_intersection,7,-1.0,4.4,3.4,0.4502,-0.1534,1.0,0.9327,0.5,0.5539,0.4005,3.4
occluded_intersection,7,-0.5,4.4,3.9,0.6575,0.278,0.9753,0.7625,1.0,0.1225,0.4005,3.9
occluded_intersection,7,0.0,4.4,4.4,0.6322,0.3992,0.9162,0.4676,1.0,0.0013,0.4005,4.4
occluded_intersection,7,0.5,4.4,4.9,0.5792,0.4005,0.8607,0.2693,1.0,0.0,0.4005,4.9
occluded_intersection,7,1.0,4.4,5.4,0.5382,0.3912,0.8086,0.1476,1.0,0.0092,0.4005,5.4
occluded_intersection,7,1.5,4.4,5.9,0.5031,0.371,0.7596,0.0741,1.0,0.0295,0.4005,5.9
occluded_intersection,7,2.0,4.4,6.4,0.4941,0.3963,0.7136,0.036,1.0,0.0041,0.4005,6.4
occluded_intersection,8,-2.0,4.567,2.567,0.4076,-0.255,1.0,0.9232,0.5,0.6239,0.3688,2.567
occluded_intersection,8,-1.5,4.567,3.067,0.3932,-0.2935,1.0,0.9282,0.5,0.6624,0.3688,3.067
occluded_intersection,8,-1.0,4.567,3.567,0.427,-0.2119,1.0,0.9338,0.5,0.5808,0.3688,3.567
occluded_intersection,8,-0.5,4.567,4.067,0.66,0.2658,0.9753,0.7992,1.0,0.1031,0.3688,4.067
occluded_intersection,8,0.0,4.567,4.567,0.6152,0.3492,0.9162,0.4826,1.0,0.0197,0.3688,4.567
occluded_intersection,8,0.5,4.567,5.067,0.572,0.3688,0.8607,0.2963,1.0,0.0,0.3688,5.067
occluded_intersection,8,1.0,4.567,5.567,0.5338,0.3688,0.8086,0.1707,1.0,0.0,0.3688,5.567
occluded_intersection,8,1.5,4.567,6.067,0.5043,0.3625,0.7596,0.0973,1.0,0.0064,0.3688,6.067
occluded_intersection,8,2.0,4.567,6.567,0.4799,0.352,0.7136,0.0536,1.0,0.0168,0.3688,6.567
occluded_intersection,9,-2.0,4.5,2.5,0.3888,-0.3022,1.0,0.9233,0.5,0.669,0.3668,2.5
occluded_intersection,9,-1.5,4.5,3.0,0.396,-0.2873,1.0,0.9297,0.5,0.6541,0.3668,3.0
occluded_intersection,9,-1.0,4.5,3.5,0.4207,-0.2287,1.0,0.9358,0.5,0.5954,0.3668,3.5
occluded_intersection,9,-0.5,4.5,4.0,0.6461,0.2402,0.9713,0.7858,1.0,0.1265,0.3668,4.0
occluded_intersection,9,0.0,4.5,4.5,0.6111,0.3447,0.9124,0.4755,1.0,0.0221,0.3668,4.5
occluded_intersection,9,0.5,4.5,5.0,0.5681,0.3668,0.8571,0.2856,1.0,0.0,0.3668,5.0
occluded_intersection,9,1.0,4.5,5.5,0.5312,0.3668,0.8052,0.1657,1.0,0.0,0.3668,5.5
occluded_intersection,9,1.5,4.5,6.0,0.5044,0.3649,0.7564,0.0968,1.0,0.0018,0.3668,6.0
occluded_intersection,9,2.0,4.5,6.5,0.4826,0.3593,0.7106,0.0561,1.0,0.0075,0.3668,6.5
occluded_intersection,10,-2.0,4.567,2.567,0.3833,-0.3184,1.0,0.9285,0.5,0.6605,0.3421,2.567
occluded_intersection,10,-1.5,4.567,3.067,0.3864,-0.3139,1.0,0.9346,0.5,0.656,0.3421,3.067
occluded_intersection,10,-1.0,4.567,3.567,0.4173,-0.2394,1.0,0.9406,0.5,0.5815,0.3421,3.567
occluded_intersection,10,-0.5,4.567,4.067,0.6453,0.2252,0.9713,0.8121,1.0,0.1169,0.3421,4.067
occluded_intersection,10,0.0,4.567,4.567,0.6024,0.3158,0.9124,0.4898,1.0,0.0263,0.3421,4.567
occluded_intersection,10,0.5,4.567,5.067,0.5583,0.3421,0.8571,0.2861,1.0,0.0,0.3421,5.067
occluded_intersection,10,1.0,4.567,5.567,0.5193,0.3386,0.8052,0.1626,1.0,0.0035,0.3421,5.567
occluded_intersection,10,1.5,4.567,6.067,0.4867,0.3236,0.7564,0.0907,1.0,0.0185,0.3421,6.067
occluded_intersection,10,2.0,4.567,6.567,0.4756,0.3421,0.7106,0.0558,1.0,0.0,0.3421,6.567
occluded_intersection,11,-2.0,4.8,2.8,0.4051,-0.2594,1.0,0.9192,0.5,0.6494,0.39,2.8
occluded_intersection,11,-1.5,4.8,3.3,0.4058,-0.2602,1.0,0.9245,0.5,0.6502,0.39,3.3
occluded_intersection,11,-1.0,4.8,3.8,0.4213,-0.225,1.0,0.9316,0.5,0.615,0.39,3.8
occluded_intersection,11,-0.5,4.8,4.3,0.6428,0.2102,0.9794,0.8192,1.0,0.1798,0.39,4.3
occluded_intersection,11,0.0,4.8,4.8,0.6331,0.3774,0.92,0.5107,1.0,0.0126,0.39,4.8
occluded_intersection,11,0.5,4.8,5.3,0.583,0.39,0.8643,0.3046,1.0,0.0,0.39,5.3
occluded_intersection,11,1.0,4.8,5.8,0.5442,0.39,0.8119,0.1762,1.0,0.0,0.39,5.8
occluded_intersection,11,1.5,4.8,6.3,0.5178,0.39,0.7627,0.1054,1.0,0.0,0.39,6.3
occluded_intersection,11,2.0,4.8,6.8,0.4972,0.39,0.7165,0.0605,1.0,0.0,0.39,6.8
occluded_intersection,12,-2.0,4.2,2.2,0.3736,-0.3374,1.0,0.9178,0.5,0.6778,0.3404,2.2
occluded_intersection,12,-1.5,4.2,2.7,0.3829,-0.317,1.0,0.9237,0.5,0.6574,0.3404,2.7
occluded_intersection,12,-1.0,4.2,3.2,0.4024,-0.2712,1.0,0.9293,0.5,0.6116,0.3404,3.2
occluded_intersection,12,-0.5,4.2,3.7,0.6514,0.2821,0.9713,0.7289,1.0,0.0583,0.3404,3.7
occluded_intersection,12,0.0,4.2,4.2,0.6005,0.3353,0.9124,0.4413,1.0,0.0051,0.3404,4.2
occluded_intersection,12,0.5,4.2,4.7,0.5509,0.3358,0.8571,0.2617,1.0,0.0046,0.3404,4.7
occluded_intersection,12,1.0,4.2,5.2,0.5143,0.3316,0.8052,0.1517,1.0,0.0088,0.3404,5.2
occluded_intersection,12,1.5,4.2,5.7,0.4936,0.3404,0.7564,0.0918,1.0,0.0,0.3404,5.7
occluded_intersection,12,2.0,4.2,6.2,0.4765,0.3404,0.7106,0.0636,1.0,0.0,0.3404,6.2
occluded_intersection,13,-2.0,4.667,2.667,0.3999,-0.2747,1.0,0.924,0.5,0.6258,0.3512,2.667
occluded_intersection,13,-1.5,4.667,3.167,0.3931,-0.2945,1.0,0.9293,0.5,0.6457,0.3512,3.167
occluded_intersection,13,-1.0,4.667,3.667,0.4411,-0.1773,1.0,0.9351,0.5,0.5285,0.3512,3.667
occluded_intersection,13,-0.5,4.667,4.167,0.6639,0.2854,0.9753,0.7797,1.0,0.0657,0.3512,4.167
occluded_intersection,13,0.0,4.667,4.667,0.6156,0.3512,0.9162,0.4803,1.0,0.0,0.3512,4.667
occluded_intersection,13,0.5,4.667,5.167,0.5618,0.3444,0.8607,0.2943,1.0,0.0068,0.3512,5.167
occluded_intersection,13,1.0,4.667,5.667,0.5139,0.3191,0.8086,0.1704,1.0,0.0321,0.3512,5.667
occluded_intersection,13,1.5,4.667,6.167,0.5007,0.3512,0.7596,0.1018,1.0,0.0,0.3512,6.167
occluded_intersection,13,2.0,4.667,6.667,0.4778,0.3426,0.7136,0.062,1.0,0.0085,0.3512,6.667
occluded_intersection,14,-2.0,4.867,2.867,0.3988,-0.2766,1.0,0.9225,0.5,0.6264,0.3498,2.867
occluded_intersection,14,-1.5,4.867,3.367,0.3915,-0.2976,1.0,0.9278,0.5,0.6474,0.3498,3.367
occluded_intersection,14,-1.0,4.867,3.867,0.4237,-0.2201,1.0,0.9336,0.5,0.5699,0.3498,3.867
occluded_intersection,14,-0.5,4.867,4.367,0.6512,0.2594,0.9672,0.7781,1.0,0.0903,0.3498,4.367
occluded_intersection,14,0.0,4.867,4.867,0.6106,0.3441,0.9086,0.4793,1.0,0.0057,0.3498,4.867
occluded_intersection,14,0.5,4.867,5.367,0.5558,0.3375,0.8536,0.2871,1.0,0.0123,0.3498,5.367
occluded_intersection,14,1.0,4.867,5.867,0.5152,0.329,0.8019,0.1656,1.0,0.0208,0.3498,5.867
occluded_intersection,14,1.5,4.867,6.367,0.496,0.3498,0.7533,0.089,1.0,0.0,0.3498,6.367
occluded_intersection,14,2.0,4.867,6.867,0.4758,0.3498,0.7076,0.0448,1.0,0.0,0.3498,6.867
occluded_intersection,15,-2.0,4.267,2.267,0.3834,-0.317,1.0,0.926,0.5,0.6786,0.3616,2.267
occluded_intersection,15,-1.5,4.267,2.767,0.401,-0.2754,1.0,0.9308,0.5,0.6371,0.3616,2.767
occluded_intersection,15,-1.0,4.267,3.267,0.4673,-0.1105,1.0,0.9322,0.5,0.4721,0.3616,3.267
occluded_intersection,15,-0.5,4.267,3.767,0.6656,0.3478,0.9592,0.6836,1.0,0.0138,0.3616,3.767
occluded_intersection,15,0.0,4.267,4.267,0.5896,0.3417,0.9011,0.3883,1.0,0.0199,0.3616,4.267
occluded_intersection,15,0.5,4.267,4.767,0.5419,0.339,0.8465,0.2233,1.0,0.0226,0.3616,4.767
occluded_intersection,15,1.0,4.267,5.267,0.5189,0.3587,0.7952,0.1329,1.0,0.0029,0.3616,5.267
occluded_intersection,15,1.5,4.267,5.767,0.4973,0.3616,0.747,0.0795,1.0,0.0,0.3616,5.767
occluded_intersection,15,2.0,4.267,6.267,0.4787,0.3531,0.7018,0.0601,1.0,0.0085,0.3616,6.267
occluded_intersection,16,-2.0,4.5,2.5,0.4045,-0.2589,1.0,0.9156,0.5,0.6529,0.3939,2.5
occluded_intersection,16,-1.5,4.5,3.0,0.418,-0.2292,1.0,0.9232,0.5,0.6231,0.3939,3.0
occluded_intersection,16,-1.0,4.5,3.5,0.4347,-0.1907,1.0,0.9299,0.5,0.5846,0.3939,3.5
occluded_intersection,16,-0.5,4.5,4.0,0.6597,0.2763,0.9713,0.7818,1.0,0.1176,0.3939,4.0
occluded_intersection,16,0.0,4.5,4.5,0.6299,0.3939,0.9124,0.471,1.0,0.0,0.3939,4.5
occluded_intersection,16,0.5,4.5,5.0,0.5771,0.3918,0.8571,0.2806,1.0,0.0021,0.3939,5.0
occluded_intersection,16,1.0,4.5,5.5,0.5406,0.3939,0.8052,0.1586,1.0,0.0,0.3939,5.5
occluded_intersection,16,1.5,4.5,6.0,0.5073,0.3773,0.7564,0.0864,1.0,0.0166,0.3939,6.0
occluded_intersection,16,2.0,4.5,6.5,0.4879,0.3786,0.7106,0.0438,1.0,0.0153,0.3939,6.5
occluded_intersection,17,-2.0,4.833,2.833,0.3817,-0.3232,1.0,0.93,0.5,0.6424,0.3191,2.833
occluded_intersection,17,-1.5,4.833,3.333,0.3802,-0.3293,1.0,0.9347,0.5,0.6485,0.3191,3.333
occluded_intersection,17,-1.0,4.833,3.833,0.4296,-0.208,1.0,0.9391,0.5,0.5271,0.3191,3.833
occluded_intersection,17,-0.5,4.833,4.333,0.6474,0.2691,0.9672,0.7398,1.0,0.05,0.3191,4.333
occluded_intersection,17,0.0,4.833,4.833,0.5959,0.3191,0.9086,0.4555,1.0,0.0,0.3191,4.833
occluded_intersection,17,0.5,4.833,5.333,0.5414,0.3066,0.8536,0.277,1.0,0.0126,0.3191,5.333
occluded_intersection,17,1.0,4.833,5.833,0.5108,0.3191,0.8019,0.1633,1.0,0.0,0.3191,5.833
occluded_intersection,17,1.5,4.833,6.333,0.4845,0.3191,0.7533,0.0925,1.0,0.0,0.3191,6.333
occluded_intersection,17,2.0,4.833,6.833,0.4629,0.3144,0.7076,0.0515,1.0,0.0048,0.3191,6.833
occluded_intersection,18,-2.0,4.567,2.567,0.3936,-0.2944,1.0,0.9316,0.5,0.6576,0.3632,2.567
occluded_intersection,18,-1.5,4.567,3.067,0.397,-0.2876,1.0,0.9351,0.5,0.6509,0.3632,3.067
occluded_intersection,18,-1.0,4.567,3.567,0.4237,-0.2237,1.0,0.9407,0.5,0.5869,0.3632,3.567
occluded_intersection,18,-0.5,4.567,4.067,0.6434,0.2146,0.9753,0.8189,1.0,0.1486,0.3632,4.067
occluded_intersection,18,0.0,4.567,4.567,0.6201,0.3545,0.9162,0.4962,1.0,0.0087,0.3632,4.567
occluded_intersection,18,0.5,4.567,5.067,0.5643,0.3479,0.8607,0.2996,1.0,0.0153,0.3632,5.067
occluded_intersection,18,1.0,4.567,5.567,0.5341,0.3632,0.8086,0.1833,1.0,0.0,0.3632,5.567
occluded_intersection,18,1.5,4.567,6.067,0.5085,0.3632,0.7596,0.1165,1.0,0.0,0.3632,6.067
occluded_intersection,18,2.0,4.567,6.567,0.4867,0.3587,0.7136,0.0741,1.0,0.0046,0.3632,6.567
occluded_intersection,19,-2.0,4.333,2.333,0.3738,-0.3419,1.0,0.9276,0.5,0.6556,0.3137,2.333
occluded_intersection,19,-1.5,4.333,2.833,0.3851,-0.3148,1.0,0.9303,0.5,0.6286,0.3137,2.833
occluded_intersection,19,-1.0,4.333,3.333,0.3902,-0.305,1.0,0.9358,0.5,0.6187,0.3137,3.333
occluded_intersection,19,-0.5,4.333,3.833,0.6255,0.1756,0.9753,0.8073,1.0,0.1381,0.3137,3.833
occluded_intersection,19,0.0,4.333,4.333,0.6021,0.3137,0.9162,0.4878,1.0,0.0,0.3137,4.333
occluded_intersection,19,0.5,4.333,4.833,0.5463,0.3089,0.8607,0.2879,1.0,0.0048,0.3137,4.833
occluded_intersection,19,1.0,4.333,5.333,0.5056,0.2998,0.8086,0.1678,1.0,0.0139,0.3137,5.333
occluded_intersection,19,1.5,4.333,5.833,0.4732,0.2857,0.7596,0.0953,1.0,0.028,0.3137,5.833
occluded_intersection,19,2.0,4.333,6.333,0.4635,0.3066,0.7136,0.0626,1.0,0.0071,0.3137,6.333
occluded_intersection,20,-2.0,4.567,2.567,0.3775,-0.332,1.0,0.9267,0.5,0.6547,0.3227,2.567
occluded_intersection,20,-1.5,4.567,3.067,0.3883,-0.3076,1.0,0.9318,0.5,0.6303,0.3227,3.067
occluded_intersection,20,-1.0,4.567,3.567,0.4234,-0.2221,1.0,0.9359,0.5,0.5447,0.3227,3.567
occluded_intersection,20,-0.5,4.567,4.067,0.6447,0.2495,0.9713,0.7605,1.0,0.0732,0.3227,4.067
occluded_intersection,20,0.0,4.567,4.567,0.6,0.3227,0.9124,0.4643,1.0,0.0,0.3227,4.567
occluded_intersection,20,0.5,4.567,5.067,0.545,0.3116,0.8571,0.2801,1.0,0.011,0.3227,5.067
occluded_intersection,20,1.0,4.567,5.567,0.5145,0.3227,0.8052,0.1705,1.0,0.0,0.3227,5.567
occluded_intersection,20,1.5,4.567,6.067,0.4887,0.3227,0.7564,0.1028,1.0,0.0,0.3227,6.067
occluded_intersection,20,2.0,4.567,6.567,0.4667,0.318,0.7106,0.0593,1.0,0.0047,0.3227,6.567
occluded_intersection,21,-2.0,4.967,2.967,0.3812,-0.3222,1.0,0.9254,0.5,0.6349,0.3127,2.967
occluded_intersection,21,-1.5,4.967,3.467,0.3691,-0.3549,1.0,0.9304,0.5,0.6676,0.3127,3.467
occluded_intersection,21,-1.0,4.967,3.967,0.4005,-0.2798,1.0,0.937,0.5,0.5925,0.3127,3.967
occluded_intersection,21,-0.5,4.967,4.467,0.6359,0.2081,0.9753,0.7944,1.0,0.1046,0.3127,4.467
occluded_intersection,21,0.0,4.967,4.967,0.5989,0.3062,0.9162,0.487,1.0,0.0065,0.3127,4.967
occluded_intersection,21,0.5,4.967,5.467,0.5469,0.3085,0.8607,0.2915,1.0,0.0042,0.3127,5.467
occluded_intersection,21,1.0,4.967,5.967,0.5024,0.2931,0.8086,0.165,1.0,0.0196,0.3127,5.967
occluded_intersection,21,1.5,4.967,6.467,0.4822,0.3127,0.7596,0.0861,1.0,0.0,0.3127,6.467
occluded_intersection,21,2.0,4.967,6.967,0.4606,0.3127,0.7136,0.0358,1.0,0.0,0.3127,6.967
occluded_intersection,22,-2.0,4.933,2.933,0.3729,-0.3422,1.0,0.9237,0.5,0.68,0.3378,2.933
occluded_intersection,22,-1.5,4.933,3.433,0.3801,-0.3274,1.0,0.9304,0.5,0.6651,0.3378,3.433
occluded_intersection,22,-1.0,4.933,3.933,0.4131,-0.2479,1.0,0.9365,0.5,0.5856,0.3378,3.933
occluded_intersection,22,-0.5,4.933,4.433,0.639,0.199,0.9753,0.8279,1.0,0.1388,0.3378,4.433
occluded_intersection,22,0.0,4.933,4.933,0.6132,0.3296,0.9162,0.5117,1.0,0.0081,0.3378,4.933
occluded_intersection,22,0.5,4.933,5.433,0.5614,0.3378,0.8607,0.3058,1.0,0.0,0.3378,5.433
occluded_intersection,22,1.0,4.933,5.933,0.5229,0.3378,0.8086,0.1784,1.0,0.0,0.3378,5.933
occluded_intersection,22,1.5,4.933,6.433,0.4863,0.32,0.7596,0.092,1.0,0.0178,0.3378,6.433
occluded_intersection,22,2.0,4.933,6.933,0.4717,0.3378,0.7136,0.0409,1.0,0.0,0.3378,6.933
occluded_intersection,23,-2.0,4.467,2.467,0.3901,-0.2981,1.0,0.9218,0.5,0.6445,0.3465,2.467
occluded_intersection,23,-1.5,4.467,2.967,0.3877,-0.3081,1.0,0.9297,0.5,0.6546,0.3465,2.967
occluded_intersection,23,-1.0,4.467,3.467,0.4435,-0.1711,1.0,0.9347,0.5,0.5176,0.3465,3.467
occluded_intersection,23,-0.5,4.467,3.967,0.6441,0.2625,0.9672,0.7367,1.0,0.084,0.3465,3.967
occluded_intersection,23,0.0,4.467,4.467,0.6032,0.3456,0.9086,0.4391,1.0,0.0009,0.3465,4.467
occluded_intersection,23,0.5,4.467,4.967,0.5415,0.3195,0.8536,0.2516,1.0,0.027,0.3465,4.967
occluded_intersection,23,1.0,4.467,5.467,0.5125,0.336,0.8019,0.1383,1.0,0.0105,0.3465,5.467
occluded_intersection,23,1.5,4.467,5.967,0.4918,0.3465,0.7533,0.0747,1.0,0.0,0.3465,5.967
occluded_intersection,23,2.0,4.467,6.467,0.4739,0.3465,0.7076,0.0422,1.0,0.0,0.3465,6.467
occluded_intersection,24,-2.0,4.967,2.967,0.4046,-0.2646,1.0,0.9271,0.5,0.6485,0.3839,2.967
occluded_intersection,24,-1.5,4.967,3.467,0.4069,-0.2622,1.0,0.9338,0.5,0.646,0.3839,3.467
occluded_intersection,24,-1.0,4.967,3.967,0.4506,-0.1557,1.0,0.9391,0.5,0.5395,0.3839,3.967
occluded_intersection,24,-0.5,4.967,4.467,0.6717,0.3069,0.9713,0.7807,1.0,0.077,0.3839,4.467
occluded_intersection,24,0.0,4.967,4.967,0.6271,0.3829,0.9124,0.4792,1.0,0.001,0.3839,4.967
occluded_intersection,24,0.5,4.967,5.467,0.5766,0.3839,0.8571,0.2939,1.0,0.0,0.3839,5.467
occluded_intersection,24,1.0,4.967,5.967,0.5395,0.3839,0.8052,0.1733,1.0,0.0,0.3839,5.967
occluded_intersection,24,1.5,4.967,6.467,0.512,0.3839,0.7564,0.0966,1.0,0.0,0.3839,6.467
occluded_intersection,24,2.0,4.967,6.967,0.4899,0.3799,0.7106,0.0513,1.0,0.004,0.3839,6.967
occluded_intersection,25,-2.0,4.433,2.433,0.388,-0.3045,1.0,0.9239,0.5,0.675,0.3705,2.433
occluded_intersection,25,-1.5,4.433,2.933,0.4087,-0.2555,1.0,0.9297,0.5,0.626,0.3705,2.933
occluded_intersection,25,-1.0,4.433,3.433,0.4243,-0.2196,1.0,0.9359,0.5,0.5901,0.3705,3.433
occluded_intersection,25,-0.5,4.433,3.933,0.6517,0.2379,0.9835,0.8032,1.0,0.1326,0.3705,3.933
occluded_intersection,25,0.0,4.433,4.433,0.629,0.3671,0.9239,0.5058,1.0,0.0034,0.3705,4.433
occluded_intersection,25,0.5,4.433,4.933,0.5747,0.3691,0.8679,0.3001,1.0,0.0014,0.3705,4.933
occluded_intersection,25,1.0,4.433,5.433,0.5364,0.3705,0.8153,0.1719,1.0,0.0,0.3705,5.433
occluded_intersection,25,1.5,4.433,5.933,0.5094,0.3705,0.7659,0.0985,1.0,0.0,0.3705,5.933
occluded_intersection,25,2.0,4.433,6.433,0.4891,0.3705,0.7195,0.0553,1.0,0.0,0.3705,6.433
occluded_intersection,26,-2.0,4.667,2.667,0.4039,-0.2665,1.0,0.9273,0.5,0.6302,0.3637,2.667
occluded_intersection,26,-1.5,4.667,3.167,0.4048,-0.2677,1.0,0.9345,0.5,0.6313,0.3637,3.167
occluded_intersection,26,-1.0,4.667,3.667,0.4179,-0.2378,1.0,0.94,0.5,0.6015,0.3637,3.667
occluded_intersection,26,-0.5,4.667,4.167,0.6489,0.235,0.9753,0.8054,1.0,0.1287,0.3637,4.167
occluded_intersection,26,0.0,4.667,4.667,0.6239,0.3637,0.9162,0.4971,1.0,0.0,0.3637,4.667
occluded_intersection,26,0.5,4.667,5.167,0.5707,0.3637,0.8607,0.3004,1.0,0.0,0.3637,5.167
occluded_intersection,26,1.0,4.667,5.667,0.5277,0.3505,0.8086,0.1769,1.0,0.0131,0.3637,5.667
occluded_intersection,26,1.5,4.667,6.167,0.5049,0.3637,0.7596,0.0978,1.0,0.0,0.3637,6.167
occluded_intersection,26,2.0,4.667,6.667,0.4802,0.3525,0.7136,0.0539,1.0,0.0112,0.3637,6.667
occluded_intersection,27,-2.0,4.033,2.033,0.3641,-0.3622,1.0,0.9198,0.5,0.7288,0.3665,2.033
occluded_intersection,27,-1.5,4.033,2.533,0.4014,-0.2724,1.0,0.927,0.5,0.6389,0.3665,2.533
occluded_intersection,27,-1.0,4.033,3.033,0.3931,-0.2972,1.0,0.9347,0.5,0.6637,0.3665,3.033
occluded_intersection,27,-0.5,4.033,3.533,0.4228,-0.225,1.0,0.9389,0.5,0.5916,0.3665,3.533
occluded_intersection,27,0.0,4.033,4.033,0.6521,0.233,0.9794,0.8201,1.0,0.1335,0.3665,4.033
occluded_intersection,27,0.5,4.033,4.533,0.6268,0.3665,0.92,0.501,1.0,0.0,0.3665,4.533
occluded_intersection,27,1.0,4.033,5.033,0.5716,0.3665,0.8643,0.2947,1.0,0.0,0.3665,5.033
occluded_intersection,27,1.5,4.033,5.533,0.5317,0.3633,0.8119,0.1667,1.0,0.0032,0.3665,5.533
occluded_intersection,27,2.0,4.033,6.033,0.5066,0.3665,0.7627,0.0964,1.0,0.0,0.3665,6.033
occluded_intersection,28,-2.0,4.733,2.733,0.3914,-0.2937,1.0,0.9195,0.5,0.6782,0.3845,2.733
occluded_intersection,28,-1.5,4.733,3.233,0.4015,-0.2717,1.0,0.9261,0.5,0.6562,0.3845,3.233
occluded_intersection,28,-1.0,4.733,3.733,0.4267,-0.212,1.0,0.9325,0.5,0.5965,0.3845,3.733
occluded_intersection,28,-0.5,4.733,4.233,0.6549,0.2579,0.9713,0.7946,1.0,0.1266,0.3845,4.233
occluded_intersection,28,0.0,4.733,4.733,0.6289,0.3845,0.9124,0.4848,1.0,0.0,0.3845,4.733
occluded_intersection,28,0.5,4.733,5.233,0.5727,0.3754,0.8571,0.291,1.0,0.0091,0.3845,5.233
occluded_intersection,28,1.0,4.733,5.733,0.5351,0.3744,0.8052,0.1702,1.0,0.0101,0.3845,5.733
occluded_intersection,28,1.5,4.733,6.233,0.5086,0.3765,0.7564,0.0943,1.0,0.008,0.3845,6.233
occluded_intersection,28,2.0,4.733,6.733,0.4917,0.3845,0.7106,0.0514,1.0,0.0,0.3845,6.733
occluded_intersection,29,-2.0,4.633,2.633,0.3807,-0.3209,1.0,0.9202,0.5,0.6434,0.3225,2.633
occluded_intersection,29,-1.5,4.633,3.133,0.3823,-0.3198,1.0,0.9261,0.5,0.6423,0.3225,3.133
occluded_intersection,29,-1.0,4.633,3.633,0.3972,-0.2848,1.0,0.9305,0.5,0.6073,0.3225,3.633
occluded_intersection,29,-0.5,4.633,4.133,0.6276,0.1843,0.9753,0.8,1.0,0.1381,0.3225,4.133
occluded_intersection,29,0.0,4.633,4.633,0.6056,0.3225,0.9162,0.4879,1.0,0.0,0.3225,4.633
occluded_intersection,29,0.5,4.633,5.133,0.5522,0.3202,0.8607,0.2945,1.0,0.0022,0.3225,5.133
occluded_intersection,29,1.0,4.633,5.633,0.5036,0.2934,0.8086,0.1707,1.0,0.0291,0.3225,5.633
occluded_intersection,29,1.5,4.633,6.133,0.4888,0.3225,0.7596,0.0993,1.0,0.0,0.3225,6.133
occluded_intersection,29,2.0,4.633,6.633,0.4641,0.3131,0.7136,0.0526,1.0,0.0094,0.3225,6.633
