config_idx,mean_hqm,beats_greedy,tau_low,tau_high,rho_commit,sigma_stable
0,0.6845,True,0.462408,0.598844,0.718896,0.047732
1,0.6751,True,0.475279,0.764604,0.655335,0.048928
2,0.666,True,0.21637,0.506972,0.491805,0.050382
3,0.6894,True,0.277561,0.40288,0.34462,0.048613
4,0.6809,True,0.222157,0.6506,0.342439,0.067981
5,0.6873,True,0.382584,0.461169,0.549921,0.040829
6,0.6703,True,0.354753,0.701967,0.736537,0.054642
7,0.6862,True,0.325751,0.518284,0.641169,0.05206
8,0.6817,True,0.215691,0.646055,0.613902,0.031266
9,0.6873,True,0.293854,0.484621,0.435818,0.044246
10,0.6829,True,0.376761,0.630851,0.666699,0.061041
11,0.6838,True,0.267289,0.643299,0.448667,0.055247
12,0.6851,True,0.306743,0.670135,0.69337,0.038198
13,0.6831,True,0.455757,0.606239,0.512687,0.040612
14,0.6848,True,0.2399,0.606112,0.430366,0.050578
15,0.6886,True,0.395118,0.455465,0.608774,0.054935
16,0.6704,True,0.337321,0.734813,0.424362,0.037988
17,0.6849,True,0.250559,0.541834,0.428808,0.034419
18,0.6859,True,0.392919,0.574229,0.545839,0.058084
19,0.6784,True,0.254386,0.660172,0.441889,0.059194
20,0.6863,True,0.369201,0.620605,0.496888,0.05158
21,0.681,True,0.340754,0.677009,0.453536,0.033346
22,0.6885,True,0.359059,0.427526,0.655964,0.037101
23,0.6871,True,0.434581,0.481555,0.663728,0.04211
24,0.6842,True,0.485333,0.616381,0.600089,0.047526
25,0.6744,True,0.486889,0.720966,0.422985,0.034065
26,0.6754,True,0.269192,0.834612,0.555393,0.036072
27,0.6882,True,0.367506,0.456259,0.406069,0.067924
28,0.6838,True,0.435496,0.547066,0.528439,0.040189
29,0.6646,True,0.226011,0.858803,0.405233,0.054224
30,0.6909,True,0.33207,0.40479,0.538045,0.042822
31,0.6501,True,0.232481,0.709613,0.680835,0.06293
32,0.6615,True,0.211091,0.800577,0.66233,0.053028
33,0.6868,True,0.269807,0.600226,0.744679,0.064925
34,0.6856,True,0.398335,0.496046,0.469746,0.052502
35,0.6843,True,0.289081,0.563305,0.401053,0.034217
36,0.6853,True,0.380885,0.611474,0.751427,0.068019
37,0.6803,True,0.225002,0.642523,0.670664,0.03692
38,0.6853,True,0.248377,0.592088,0.712514,0.062273
39,0.6669,True,0.218626,0.834536,0.342331,0.051916
40,0.6856,True,0.33596,0.645693,0.559289,0.047569
41,0.6853,True,0.345025,0.528725,0.417449,0.042667
42,0.6862,True,0.418583,0.63621,0.665205,0.045117
43,0.6844,True,0.212793,0.633071,0.341181,0.054152
44,0.6842,True,0.229544,0.555323,0.338575,0.045008
45,0.6771,True,0.280846,0.792318,0.740072,0.04161
46,0.6836,True,0.426737,0.689504,0.586308,0.048431
47,0.6854,True,0.249549,0.523977,0.363695,0.030477
48,0.6736,True,0.427271,0.862999,0.51559,0.056849
49,0.672,True,0.273761,0.857065,0.357072,0.046214
50,0.6782,True,0.215009,0.673896,0.437502,0.03353
51,0.6883,True,0.457404,0.455489,0.620134,0.034251
52,0.6893,True,0.31171,0.417529,0.466395,0.046148
53,0.6798,True,0.460726,0.690831,0.592752,0.048153
54,0.685,True,0.371218,0.549993,0.532752,0.066123
55,0.6724,True,0.257892,0.858265,0.710782,0.04251
56,0.6711,True,0.388151,0.76102,0.678261,0.067772
57,0.6803,True,0.306185,0.82619,0.531041,0.031296
58,0.6774,True,0.407696,0.824039,0.668749,0.063433
59,0.6766,True,0.353471,0.909605,0.737202,0.057557
60,0.6797,True,0.246842,0.626372,0.620854,0.066897
61,0.6818,True,0.353146,0.609658,0.511305,0.058668
62,0.6818,True,0.230554,0.612791,0.505972,0.034865
63,0.6875,True,0.38537,0.48096,0.528168,0.062543
64,0.6892,True,0.299254,0.417992,0.589869,0.047952
65,0.6896,True,0.30835,0.398263,0.767154,0.0371
66,0.6795,True,0.300732,0.66628,0.712964,0.059478
67,0.6736,True,0.255638,0.860884,0.587005,0.051343
68,0.6814,True,0.338059,0.642286,0.377695,0.065329
69,0.691,True,0.215712,0.403955,0.398691,0.03125
70,0.6811,True,0.286361,0.650208,0.402065,0.035794
71,0.6791,True,0.32982,0.755068,0.446358,0.045979
72,0.6662,True,0.377503,0.797486,0.499881,0.033947
73,0.6616,True,0.221119,0.767966,0.658387,0.036007
74,0.6779,True,0.443094,0.827598,0.709687,0.044183
75,0.657,True,0.246435,0.712549,0.377834,0.047194
76,0.6856,True,0.329227,0.609913,0.392441,0.04891
77,0.6822,True,0.210458,0.61315,0.470258,0.046068
78,0.6748,True,0.326192,0.786027,0.377095,0.03382
79,0.687,True,0.257721,0.524446,0.510841,0.031584
80,0.6776,True,0.336016,0.685934,0.642244,0.060486
81,0.6788,True,0.47918,0.667569,0.569929,0.066466
82,0.6891,True,0.250636,0.418023,0.633939,0.049832
83,0.6777,True,0.376698,0.779639,0.638218,0.06899
84,0.6901,True,0.477337,0.400877,0.42923,0.046466
85,0.687,True,0.336681,0.465064,0.726292,0.064578
86,0.6795,True,0.286429,0.75623,0.658747,0.038853
87,0.6838,True,0.403734,0.669483,0.712764,0.041501
88,0.685,True,0.223247,0.530404,0.419976,0.039093
89,0.6815,True,0.396612,0.667993,0.393331,0.032451
90,0.6679,True,0.220492,0.760453,0.625557,0.049925
91,0.6695,True,0.251935,0.808279,0.551615,0.056213
92,0.6815,True,0.266633,0.680675,0.531546,0.040274
93,0.6829,True,0.329413,0.641973,0.433395,0.04473
94,0.6712,True,0.403871,0.693752,0.629312,0.069902
95,0.6664,True,0.22613,0.696328,0.530918,0.061298
96,0.6813,True,0.267054,0.846508,0.47698,0.054317
97,0.6699,True,0.324001,0.791682,0.554979,0.049749
98,0.6799,True,0.333043,0.748607,0.374635,0.060578
99,0.6866,True,0.448622,0.500536,0.339106,0.045959
100,0.6636,True,0.401006,0.72315,0.702558,0.062867
101,0.6875,True,0.403386,0.483932,0.366167,0.031917
102,0.6811,True,0.451111,0.638882,0.537123,0.064704
103,0.687,True,0.47303,0.485594,0.651734,0.04524
104,0.6836,True,0.392785,0.672329,0.57563,0.048184
105,0.6865,True,0.319317,0.50477,0.398946,0.05762
106,0.68,True,0.330253,0.660117,0.437268,0.069341
107,0.6805,True,0.474658,0.883137,0.670547,0.067032
108,0.6829,True,0.294676,0.841821,0.376881,0.053591
109,0.6746,True,0.349636,0.727995,0.388053,0.032388
110,0.6828,True,0.212086,0.632489,0.650114,0.04903
111,0.6745,True,0.460245,0.868692,0.757667,0.05574
112,0.6642,True,0.485276,0.730639,0.551761,0.058192
113,0.6843,True,0.255167,0.588951,0.330405,0.069817
114,0.6776,True,0.35708,0.787704,0.623915,0.055494
115,0.6891,True,0.462409,0.417457,0.4326,0.06154
116,0.6841,True,0.406769,0.693978,0.53339,0.038466
117,0.6884,True,0.324158,0.491435,0.348966,0.0302
118,0.6733,True,0.440555,0.881651,0.418588,0.059564
119,0.6718,True,0.384445,0.751146,0.751028,0.034279
120,0.6681,True,0.489654,0.746299,0.706099,0.064207
121,0.6548,True,0.217274,0.725798,0.650436,0.04898
122,0.684,True,0.426568,0.551302,0.639719,0.049527
123,0.6774,True,0.481605,0.733718,0.500125,0.031977
124,0.6853,True,0.487582,0.58511,0.371281,0.051201
125,0.6737,True,0.45748,0.809436,0.333499,0.069632
126,0.6823,True,0.338218,0.623827,0.423339,0.038904
127,0.691,True,0.291915,0.42199,0.567202,0.03228
128,0.6754,True,0.389692,0.909237,0.596651,0.044333
129,0.6836,True,0.379599,0.553003,0.544182,0.033305
130,0.6687,True,0.273132,0.744897,0.549746,0.034643
131,0.6869,True,0.212723,0.488838,0.342508,0.038215
132,0.6843,True,0.478689,0.629281,0.612486,0.04401
133,0.642,True,0.422886,0.740999,0.445638,0.063183
134,0.6589,True,0.240854,0.724956,0.583104,0.030818
135,0.6797,True,0.38501,0.754989,0.474076,0.054014
136,0.6855,True,0.404178,0.59727,0.406661,0.050794
137,0.6702,True,0.342753,0.779816,0.475959,0.064571
138,0.6873,True,0.296124,0.467966,0.435614,0.067856
139,0.6823,True,0.373705,0.797022,0.586221,0.03012
140,0.6667,True,0.332543,0.717955,0.751099,0.059634
141,0.6836,True,0.407059,0.636073,0.59146,0.060857
142,0.6857,True,0.340809,0.619174,0.519776,0.051324
143,0.6685,True,0.317483,0.737268,0.503675,0.057417
144,0.6697,True,0.399899,0.71356,0.67001,0.061141
145,0.6853,True,0.376272,0.761792,0.663966,0.031898
146,0.6899,True,0.448111,0.42192,0.45684,0.042478
147,0.6889,True,0.28003,0.411439,0.710374,0.05084
148,0.6707,True,0.326545,0.82901,0.461218,0.063323
149,0.6823,True,0.264404,0.590503,0.716725,0.041589
150,0.6827,True,0.217557,0.608142,0.466336,0.063908
151,0.6803,True,0.299328,0.765864,0.407935,0.038088
152,0.6866,True,0.234363,0.508201,0.480653,0.045617
153,0.6896,True,0.41559,0.413142,0.390804,0.035611
154,0.6811,True,0.386521,0.854071,0.396198,0.062878
155,0.6826,True,0.381645,0.626082,0.578353,0.035878
156,0.6769,True,0.36431,0.677274,0.670745,0.064865
157,0.6823,True,0.367409,0.601943,0.466126,0.036959
158,0.6788,True,0.297113,0.864122,0.63674,0.042611
159,0.6848,True,0.373351,0.551123,0.352221,0.067607
160,0.6861,True,0.408313,0.495917,0.357141,0.047498
161,0.6813,True,0.313201,0.869773,0.597668,0.066752
162,0.6861,True,0.395857,0.524584,0.516914,0.030951
163,0.6852,True,0.243879,0.529948,0.683494,0.041821
164,0.6678,True,0.359966,0.749177,0.394113,0.042169
165,0.6855,True,0.2971,0.496324,0.525186,0.052305
166,0.6773,True,0.347328,0.750362,0.387063,0.035181
167,0.6877,True,0.437147,0.467712,0.696753,0.039931
168,0.6703,True,0.262901,0.86731,0.604514,0.033577
169,0.6778,True,0.337666,0.763136,0.392365,0.06895
170,0.6793,True,0.360054,0.861353,0.515493,0.068967
171,0.6844,True,0.255187,0.568446,0.589566,0.043126
172,0.679,True,0.2467,0.654706,0.581227,0.055608
173,0.6834,True,0.404401,0.519307,0.488977,0.0572
174,0.6707,True,0.327192,0.863653,0.53603,0.068874
175,0.6579,True,0.453496,0.734441,0.736333,0.060327
176,0.6596,True,0.235951,0.746661,0.358159,0.06009
177,0.6836,True,0.361565,0.530315,0.371893,0.056718
178,0.6843,True,0.442633,0.591987,0.584712,0.0344
179,0.6672,True,0.338136,0.758249,0.523834,0.053579
180,0.687,True,0.357685,0.44497,0.590145,0.056921
181,0.6788,True,0.270434,0.761086,0.580971,0.065479
182,0.6868,True,0.453028,0.468749,0.673581,0.050893
183,0.6804,True,0.211445,0.615652,0.347509,0.044258
184,0.6851,True,0.419304,0.785776,0.419641,0.043887
185,0.6846,True,0.395457,0.572894,0.447623,0.068681
186,0.6789,True,0.23586,0.680818,0.435903,0.050528
187,0.6905,True,0.288146,0.40286,0.509745,0.061143
188,0.6653,True,0.256634,0.527568,0.340041,0.056266
189,0.673,True,0.296071,0.899384,0.632814,0.063111
190,0.6593,True,0.243791,0.721709,0.505749,0.054287
191,0.6753,True,0.264857,0.823465,0.573082,0.04145
192,0.6697,True,0.24593,0.75674,0.440166,0.056714
193,0.6623,True,0.272421,0.734111,0.400951,0.054067
194,0.6854,True,0.282323,0.490426,0.458504,0.066518
195,0.6675,True,0.263914,0.816643,0.572424,0.036481
196,0.6812,True,0.33152,0.658964,0.745143,0.033334
197,0.6829,True,0.222692,0.596359,0.342717,0.048034
198,0.6521,True,0.479776,0.747587,0.61824,0.050184
199,0.6713,True,0.248468,0.89546,0.561039,0.035646
200,0.6831,True,0.463592,0.564631,0.489748,0.044672
201,0.6865,True,0.463349,0.471144,0.5041,0.05189
202,0.6757,True,0.302964,0.813228,0.760463,0.041201
203,0.6858,True,0.39584,0.634359,0.397871,0.043445
204,0.6778,True,0.384532,0.884591,0.348648,0.059951
205,0.6883,True,0.479373,0.439788,0.680489,0.052211
206,0.686,True,0.251241,0.563707,0.589038,0.058342
207,0.685,True,0.443837,0.549986,0.726283,0.065474
208,0.6838,True,0.346989,0.551276,0.634976,0.040335
209,0.687,True,0.287698,0.441995,0.580239,0.062392
210,0.6867,True,0.431586,0.63727,0.667075,0.048619
211,0.6855,True,0.212243,0.578598,0.641084,0.063553
212,0.6886,True,0.25573,0.452458,0.361863,0.038289
213,0.6822,True,0.437901,0.623958,0.450981,0.041094
214,0.6881,True,0.409276,0.422642,0.549266,0.065703
215,0.6803,True,0.265161,0.825571,0.623412,0.048895
216,0.6713,True,0.385892,0.884875,0.529944,0.043758
217,0.6804,True,0.427475,0.819348,0.726713,0.035908
218,0.6808,True,0.438033,0.675655,0.497584,0.037404
219,0.6769,True,0.422071,0.741599,0.418393,0.037906
220,0.6869,True,0.23641,0.485852,0.418752,0.066232
221,0.6833,True,0.305089,0.549539,0.585979,0.039376
222,0.6811,True,0.40659,0.67675,0.38332,0.061367
223,0.6876,True,0.221799,0.463317,0.349975,0.038228
224,0.6744,True,0.402418,0.768751,0.659276,0.058309
225,0.6641,True,0.234492,0.70315,0.334637,0.050855
226,0.678,True,0.404191,0.896895,0.495933,0.040736
227,0.6802,True,0.461206,0.67885,0.404735,0.036292
228,0.6764,True,0.322289,0.853481,0.380437,0.046021
229,0.6643,True,0.332572,0.706828,0.461228,0.05833
230,0.6799,True,0.441692,0.660381,0.47021,0.056956
231,0.6864,True,0.455673,0.533141,0.391174,0.042325
232,0.6796,True,0.386898,0.671093,0.360016,0.062587
233,0.6836,True,0.262609,0.597547,0.623634,0.066397
234,0.6879,True,0.484559,0.465085,0.541622,0.035449
235,0.6772,True,0.393685,0.886648,0.425394,0.056973
236,0.6832,True,0.418829,0.585345,0.659282,0.041064
237,0.6843,True,0.407928,0.769588,0.466701,0.05894
238,0.6814,True,0.374995,0.663145,0.689236,0.037496
239,0.6695,True,0.480296,0.796189,0.528991,0.043545
240,0.69,True,0.396741,0.440653,0.573579,0.03151
241,0.6627,True,0.363232,0.63866,0.363752,0.031635
242,0.6856,True,0.453101,0.516915,0.597202,0.041727
243,0.6875,True,0.486395,0.455002,0.678572,0.051254
244,0.6752,True,0.381133,0.739958,0.525912,0.042578
245,0.6826,True,0.452014,0.643793,0.723168,0.030184
246,0.6794,True,0.417554,0.715943,0.468795,0.038786
247,0.6888,True,0.309462,0.423227,0.496652,0.037355
248,0.6662,True,0.306764,0.709948,0.696381,0.069596
249,0.6768,True,0.411994,0.810093,0.66441,0.050695
250,0.6842,True,0.3223,0.589544,0.485939,0.066099
251,0.6878,True,0.476194,0.459985,0.641019,0.065109
252,0.6859,True,0.434451,0.455438,0.331776,0.055177
253,0.6769,True,0.467419,0.721321,0.351326,0.044849
254,0.6855,True,0.261941,0.524378,0.381319,0.066767
255,0.6872,True,0.338447,0.459268,0.618643,0.053398
256,0.6845,True,0.30554,0.550971,0.712783,0.066177
257,0.6871,True,0.287088,0.473358,0.395196,0.063411
258,0.69,True,0.396702,0.403963,0.690456,0.059987
259,0.6735,True,0.357584,0.804088,0.545047,0.068704
260,0.6856,True,0.350154,0.60418,0.657603,0.047616
261,0.6771,True,0.400416,0.722074,0.452482,0.043236
262,0.6737,True,0.334704,0.732776,0.758906,0.039416
263,0.6693,True,0.365022,0.696107,0.749237,0.061368
264,0.6871,True,0.212097,0.495986,0.692321,0.05807
265,0.6796,True,0.259986,0.681558,0.385439,0.043474
266,0.684,True,0.322357,0.535192,0.563852,0.05332
267,0.6875,True,0.426286,0.519671,0.404151,0.034893
268,0.6712,True,0.27876,0.749224,0.698771,0.030357
269,0.6904,True,0.371723,0.406747,0.692696,0.037113
270,0.6843,True,0.411416,0.571791,0.621369,0.063521
271,0.673,True,0.328726,0.908866,0.660469,0.054272
272,0.6802,True,0.460137,0.656598,0.68836,0.059762
273,0.6841,True,0.35543,0.596105,0.555517,0.047793
274,0.689,True,0.469537,0.399745,0.758089,0.060874
275,0.6648,True,0.398192,0.627127,0.537591,0.048216
276,0.6629,True,0.252609,0.718664,0.430132,0.032517
277,0.6631,True,0.441613,0.513982,0.478556,0.055002
278,0.6671,True,0.261273,0.793775,0.463099,0.048417
279,0.6837,True,0.424589,0.562458,0.687485,0.041792
280,0.6851,True,0.290651,0.628691,0.470115,0.04979
281,0.6814,True,0.280013,0.882163,0.473213,0.048679
282,0.6905,True,0.326169,0.392899,0.436516,0.052704
283,0.6734,True,0.274411,0.725894,0.525648,0.043798
284,0.6854,True,0.296136,0.555675,0.369184,0.06343
285,0.679,True,0.309766,0.844147,0.454819,0.044585
286,0.6795,True,0.413605,0.6848,0.710356,0.033399
287,0.6862,True,0.342783,0.591795,0.641614,0.060828
288,0.6761,True,0.307966,0.805478,0.746004,0.057419
289,0.6897,True,0.452213,0.402655,0.506567,0.034785
290,0.6855,True,0.353014,0.493606,0.582076,0.058861
291,0.6618,True,0.385844,0.57211,0.493411,0.042897
292,0.689,True,0.447858,0.408742,0.742988,0.042779
293,0.6541,True,0.322859,0.733345,0.530628,0.051765
294,0.6903,True,0.23431,0.462204,0.597666,0.030759
295,0.657,True,0.316813,0.753922,0.595556,0.062774
296,0.683,True,0.334963,0.785785,0.628615,0.068636
297,0.6851,True,0.402814,0.600745,0.751169,0.063296
298,0.679,True,0.486639,0.643299,0.694676,0.065618
299,0.6753,True,0.29115,0.719865,0.715993,0.03473
300,0.6857,True,0.356832,0.533176,0.545032,0.060045
301,0.6885,True,0.336922,0.460141,0.474308,0.036131
302,0.6847,True,0.472536,0.551805,0.724564,0.069716
303,0.6707,True,0.360152,0.88647,0.613583,0.0449
304,0.6825,True,0.438919,0.639912,0.456168,0.062964
305,0.6878,True,0.434669,0.443154,0.65754,0.049645
306,0.6668,True,0.240581,0.865581,0.678934,0.052519
307,0.6693,True,0.282334,0.718534,0.485002,0.046557
308,0.6854,True,0.378909,0.525478,0.467266,0.037249
309,0.6755,True,0.308177,0.846443,0.57582,0.064811
310,0.6699,True,0.303728,0.727846,0.590822,0.069999
311,0.6805,True,0.480392,0.785947,0.700413,0.049343
312,0.6727,True,0.298734,0.88052,0.52838,0.044418
313,0.6679,True,0.224301,0.773919,0.386455,0.056128
314,0.6858,True,0.259364,0.521865,0.384435,0.036402
315,0.6675,True,0.222981,0.862206,0.370003,0.047254
316,0.6622,True,0.242415,0.781521,0.609588,0.031835
317,0.6663,True,0.465427,0.86287,0.571103,0.062088
318,0.6743,True,0.34587,0.889893,0.701322,0.046236
319,0.6844,True,0.392206,0.528425,0.633988,0.052675
320,0.6875,True,0.335449,0.46729,0.582108,0.066494
321,0.6759,True,0.419643,0.793476,0.354772,0.068306
322,0.665,True,0.237473,0.799295,0.646442,0.039993
323,0.6827,True,0.25247,0.678578,0.743397,0.04156
324,0.6624,True,0.211224,0.867539,0.494867,0.042088
325,0.683,True,0.48697,0.682235,0.338655,0.049309
326,0.686,True,0.382043,0.592808,0.402073,0.049598
327,0.6849,True,0.457672,0.544726,0.717826,0.034203
328,0.6783,True,0.470845,0.76717,0.399111,0.058583
329,0.669,True,0.306502,0.712751,0.484226,0.067665
330,0.6654,True,0.236676,0.711295,0.398669,0.037122
331,0.6893,True,0.403307,0.392895,0.698671,0.051166
332,0.683,True,0.321558,0.538908,0.498898,0.039241
333,0.6771,True,0.332294,0.816574,0.434621,0.065613
334,0.6804,True,0.407531,0.800872,0.385372,0.067099
335,0.6781,True,0.329251,0.749739,0.351638,0.052435
336,0.6767,True,0.282773,0.887599,0.748616,0.041182
337,0.6852,True,0.455301,0.514144,0.39324,0.043184
338,0.6805,True,0.376557,0.74997,0.500255,0.050164
339,0.6625,True,0.277879,0.534309,0.703105,0.034637
340,0.6762,True,0.457495,0.853545,0.668854,0.044304
341,0.6609,True,0.2239,0.774621,0.530886,0.037964
342,0.6684,True,0.285859,0.853698,0.417599,0.038377
343,0.683,True,0.472124,0.646264,0.525539,0.059781
344,0.6854,True,0.40189,0.550511,0.665358,0.05917
345,0.6604,True,0.234953,0.728419,0.629226,0.038257
346,0.6894,True,0.219446,0.434002,0.60445,0.06886
347,0.6878,True,0.248612,0.476037,0.457338,0.058444
348,0.6696,True,0.355966,0.838255,0.558753,0.06124
349,0.6892,True,0.417176,0.428498,0.588707,0.062101
350,0.6879,True,0.478804,0.45945,0.712908,0.060672
351,0.6851,True,0.362927,0.597824,0.562661,0.058433
352,0.6825,True,0.31531,0.592147,0.719824,0.065721
353,0.6864,True,0.436627,0.585061,0.755863,0.060218
354,0.6844,True,0.230266,0.521883,0.497788,0.053362
355,0.6849,True,0.464442,0.57267,0.374026,0.036332
356,0.6877,True,0.410971,0.469652,0.736843,0.036296
357,0.6711,True,0.247669,0.782981,0.382912,0.047879
358,0.6912,True,0.441755,0.393104,0.595791,0.034565
359,0.6853,True,0.372191,0.587683,0.603571,0.062058
360,0.684,True,0.462597,0.582563,0.36355,0.069098
361,0.685,True,0.290132,0.606673,0.522698,0.05526
362,0.688,True,0.250757,0.424985,0.569434,0.035366
363,0.6842,True,0.277664,0.667629,0.584373,0.050555
364,0.681,True,0.382251,0.796747,0.722164,0.067145
365,0.6772,True,0.297322,0.84157,0.64516,0.033883
366,0.6888,True,0.431067,0.480037,0.569278,0.032884
367,0.6633,True,0.221568,0.837656,0.357723,0.053717
368,0.6859,True,0.456313,0.572957,0.621088,0.06205
369,0.6812,True,0.222305,0.620506,0.353734,0.068988
370,0.6769,True,0.488949,0.694533,0.603258,0.055377
371,0.6719,True,0.395109,0.693294,0.401759,0.066422
372,0.671,True,0.353559,0.848608,0.666882,0.041157
373,0.6582,True,0.442089,0.735554,0.564394,0.04858
374,0.6882,True,0.309845,0.445087,0.745263,0.067574
375,0.6805,True,0.340426,0.633422,0.515352,0.032616
376,0.6879,True,0.467258,0.478866,0.720173,0.041422
377,0.6867,True,0.458544,0.502379,0.712232,0.058667
378,0.6903,True,0.325938,0.392228,0.402313,0.043962
379,0.6665,True,0.391065,0.434425,0.62709,0.06599
380,0.6709,True,0.381025,0.905723,0.551544,0.054525
381,0.6895,True,0.401856,0.40604,0.532206,0.049099
382,0.671,True,0.26043,0.760885,0.724146,0.041684
383,0.6694,True,0.28057,0.889051,0.341509,0.036127
384,0.6868,True,0.218859,0.509943,0.367458,0.041088
385,0.6811,True,0.368463,0.867915,0.555592,0.046297
386,0.6817,True,0.210732,0.618921,0.566619,0.04161
387,0.6851,True,0.387003,0.639458,0.356913,0.045748
388,0.6683,True,0.372919,0.464512,0.41049,0.030296
389,0.6756,True,0.24118,0.678795,0.648299,0.068465
390,0.6522,True,0.297921,0.835034,0.631601,0.04805
391,0.6601,True,0.223729,0.775781,0.719045,0.063931
392,0.6855,True,0.342237,0.533465,0.359732,0.053485
393,0.661,True,0.22116,0.839522,0.639461,0.037905
394,0.6861,True,0.320717,0.484426,0.546821,0.049
395,0.6663,True,0.377753,0.420373,0.341358,0.056169
396,0.6672,True,0.318774,0.710366,0.432437,0.066062
397,0.6779,True,0.269048,0.850373,0.493908,0.047865
398,0.6658,True,0.346537,0.624002,0.728728,0.046181
399,0.6713,True,0.304405,0.829896,0.499717,0.041542
400,0.6872,True,0.367901,0.45977,0.473731,0.052942
401,0.6819,True,0.309568,0.76464,0.766229,0.042218
402,0.666,True,0.25559,0.908993,0.347501,0.057782
403,0.6854,True,0.216741,0.614844,0.649031,0.058047
404,0.6835,True,0.421546,0.767073,0.734296,0.055176
405,0.6858,True,0.464363,0.820973,0.740166,0.042993
406,0.6756,True,0.43667,0.730721,0.463844,0.041738
407,0.6861,True,0.278486,0.564972,0.728551,0.063177
408,0.6835,True,0.370162,0.57344,0.667911,0.033714
409,0.6815,True,0.334639,0.63895,0.445897,0.030267
410,0.6887,True,0.487836,0.409671,0.758475,0.065959
411,0.675,True,0.26909,0.787682,0.406988,0.049005
412,0.6827,True,0.344715,0.640139,0.332822,0.06297
413,0.6859,True,0.383754,0.606581,0.460344,0.059669
414,0.6764,True,0.31518,0.755947,0.552963,0.04074
415,0.6874,True,0.344596,0.52039,0.401102,0.030938
416,0.6691,True,0.472144,0.854484,0.439778,0.033013
417,0.6881,True,0.289631,0.43048,0.636742,0.042928
418,0.6839,True,0.29125,0.6312,0.544853,0.042591
419,0.6785,True,0.216073,0.658676,0.656325,0.06089
420,0.6749,True,0.453471,0.748172,0.519478,0.0434
421,0.6778,True,0.301062,0.779814,0.693439,0.030899
422,0.6889,True,0.310457,0.405209,0.682147,0.038244
423,0.6714,True,0.272849,0.689045,0.574176,0.063156
424,0.6649,True,0.231701,0.811703,0.488454,0.030822
425,0.6833,True,0.473117,0.593273,0.469149,0.03382
426,0.6819,True,0.349778,0.651676,0.559747,0.033882
427,0.6662,True,0.270571,0.742593,0.438733,0.069256
428,0.6801,True,0.361152,0.641397,0.407654,0.060648
429,0.6807,True,0.383035,0.660239,0.59166,0.066544
430,0.6818,True,0.289844,0.822792,0.51522,0.068591
431,0.6867,True,0.320475,0.577743,0.744851,0.055388
432,0.6823,True,0.392574,0.878049,0.726279,0.062359
433,0.6826,True,0.437655,0.597099,0.37456,0.064221
434,0.6858,True,0.477888,0.539019,0.568489,0.063004
435,0.6801,True,0.313076,0.893832,0.470572,0.068902
436,0.6812,True,0.31949,0.80009,0.449551,0.043946
437,0.6849,True,0.389139,0.582322,0.380037,0.034552
438,0.6589,True,0.487873,0.833114,0.754865,0.056354
439,0.6674,True,0.427816,0.704641,0.726573,0.064206
440,0.682,True,0.372865,0.658277,0.551227,0.033989
441,0.6868,True,0.416652,0.49945,0.411057,0.05364
442,0.6882,True,0.228269,0.40659,0.476501,0.069447
443,0.6793,True,0.469435,0.700784,0.352563,0.051171
444,0.6895,True,0.3129,0.415538,0.398482,0.057166
445,0.6886,True,0.418244,0.430913,0.559312,0.067316
446,0.6857,True,0.349095,0.533358,0.346604,0.062278
447,0.6659,True,0.210845,0.769785,0.347479,0.051888
448,0.6859,True,0.211173,0.514316,0.476056,0.046181
449,0.6768,True,0.302663,0.684823,0.686928,0.051706
450,0.6661,True,0.483452,0.725761,0.577272,0.069856
451,0.6833,True,0.34644,0.584242,0.521628,0.069357
452,0.6747,True,0.295356,0.851197,0.678573,0.033467
453,0.6615,True,0.234379,0.870833,0.553861,0.063065
454,0.6701,True,0.339237,0.85801,0.741286,0.069786
455,0.6876,True,0.47437,0.483882,0.347003,0.03764
456,0.689,True,0.405301,0.408607,0.562853,0.042803
457,0.6833,True,0.281689,0.549727,0.370083,0.042129
458,0.6888,True,0.433851,0.451819,0.405409,0.042935
459,0.6741,True,0.355433,0.784227,0.373939,0.042574
460,0.688,True,0.273427,0.485972,0.673355,0.059988
461,0.6815,True,0.488849,0.569029,0.61993,0.042464
462,0.6844,True,0.480114,0.823428,0.405407,0.054403
463,0.6784,True,0.326835,0.779238,0.690314,0.050669
464,0.6799,True,0.339606,0.873096,0.512653,0.056393
465,0.6846,True,0.222798,0.535722,0.422292,0.069265
466,0.6708,True,0.259517,0.781816,0.358543,0.036978
467,0.6728,True,0.369768,0.820045,0.722136,0.043774
468,0.6776,True,0.366038,0.851303,0.592063,0.035189
469,0.6847,True,0.370674,0.541672,0.676395,0.038492
470,0.6902,True,0.213125,0.462024,0.535868,0.031126
471,0.6849,True,0.264264,0.515559,0.519168,0.048817
472,0.6766,True,0.275162,0.81644,0.765639,0.048681
473,0.6803,True,0.283195,0.835096,0.38681,0.065182
474,0.6845,True,0.308279,0.580187,0.423209,0.042217
475,0.6842,True,0.464074,0.834523,0.476939,0.039207
476,0.6872,True,0.403211,0.762587,0.364896,0.050254
477,0.684,True,0.32999,0.558482,0.534127,0.037058
478,0.684,True,0.374917,0.582894,0.453984,0.064156
479,0.6829,True,0.328797,0.555738,0.38771,0.03757
480,0.6879,True,0.447559,0.445007,0.626372,0.065855
481,0.6803,True,0.4434,0.82696,0.518917,0.031894
482,0.6874,True,0.419606,0.479672,0.618187,0.06503
483,0.6895,True,0.310646,0.44726,0.752791,0.046749
484,0.6877,True,0.349888,0.440496,0.498016,0.056441
485,0.6865,True,0.41412,0.492401,0.402146,0.050043
486,0.6625,True,0.266082,0.570695,0.754658,0.040595
487,0.6815,True,0.375884,0.810894,0.741103,0.040581
488,0.677,True,0.327553,0.681728,0.697749,0.068382
489,0.6626,True,0.231451,0.794854,0.658039,0.048313
490,0.6812,True,0.423808,0.669324,0.363114,0.054558
491,0.6788,True,0.367901,0.887954,0.648138,0.049884
492,0.6861,True,0.479349,0.635699,0.610365,0.059335
493,0.6889,True,0.340162,0.405023,0.527703,0.043972
494,0.6803,True,0.410478,0.819984,0.447309,0.0598
495,0.6854,True,0.213822,0.52664,0.588766,0.05477
496,0.6729,True,0.424082,0.810274,0.608215,0.031955
497,0.6876,True,0.476986,0.47064,0.500444,0.053136
498,0.6896,True,0.261571,0.40541,0.525547,0.042848
499,0.6778,True,0.33189,0.854685,0.672372,0.05435
500,0.6746,True,0.261298,0.886826,0.339818,0.051495
501,0.6876,True,0.277012,0.587962,0.718111,0.056236
502,0.6829,True,0.32481,0.626902,0.701002,0.037964
503,0.6876,True,0.384832,0.440684,0.531578,0.049816
504,0.686,True,0.344671,0.602015,0.708349,0.060106
505,0.6751,True,0.273128,0.699381,0.698352,0.050423
506,0.686,True,0.446814,0.560507,0.399641,0.054326
507,0.691,True,0.231904,0.397285,0.517234,0.036537
508,0.6723,True,0.256735,0.778204,0.564306,0.039336
509,0.6863,True,0.413888,0.636224,0.424248,0.052566
510,0.6886,True,0.283895,0.434862,0.468162,0.066987
511,0.6748,True,0.442412,0.728187,0.733899,0.043473
512,0.6756,True,0.279165,0.692002,0.529891,0.051045
513,0.6731,True,0.458937,0.857777,0.364931,0.065837
514,0.6694,True,0.26123,0.79516,0.649684,0.047563
515,0.6903,True,0.424112,0.429488,0.477047,0.039094
516,0.6747,True,0.463,0.83495,0.534199,0.068157
517,0.684,True,0.376799,0.545071,0.468381,0.048509
518,0.6866,True,0.278206,0.505988,0.331235,0.065027
519,0.6787,True,0.274304,0.699933,0.665146,0.046881
520,0.6837,True,0.398563,0.626567,0.73505,0.035241
521,0.6894,True,0.435219,0.433993,0.688984,0.03318
522,0.678,True,0.227966,0.678088,0.552487,0.068555
523,0.6767,True,0.308856,0.788634,0.558804,0.055375
524,0.6718,True,0.235998,0.683293,0.595583,0.063977
525,0.6865,True,0.435621,0.602642,0.62994,0.053792
526,0.6889,True,0.276529,0.404874,0.592806,0.054892
527,0.6671,True,0.458853,0.869234,0.631288,0.041231
528,0.6782,True,0.393242,0.891491,0.667665,0.061676
529,0.6653,True,0.252852,0.420906,0.36309,0.066865
530,0.6856,True,0.441906,0.535246,0.536542,0.045103
531,0.677,True,0.369467,0.715284,0.40847,0.034095
532,0.6641,True,0.366783,0.727675,0.627018,0.066321
533,0.6871,True,0.315335,0.512603,0.37459,0.06246
534,0.6669,True,0.223564,0.76658,0.408881,0.058556
535,0.6833,True,0.43023,0.636156,0.604131,0.037832
536,0.678,True,0.364721,0.898664,0.384231,0.069974
537,0.6733,True,0.257811,0.773695,0.527612,0.048146
538,0.6702,True,0.254978,0.753321,0.384545,0.035665
539,0.6855,True,0.442043,0.643992,0.637608,0.047375
540,0.6851,True,0.486356,0.530454,0.760206,0.031194
541,0.6833,True,0.246725,0.645242,0.646501,0.054247
542,0.6811,True,0.314473,0.776438,0.678046,0.05037
543,0.6753,True,0.265975,0.782346,0.703665,0.064575
544,0.6827,True,0.471923,0.552795,0.398375,0.043608
545,0.6693,True,0.319053,0.704614,0.685899,0.066279
546,0.6838,True,0.386082,0.638022,0.599714,0.057458
547,0.6754,True,0.215938,0.668407,0.618678,0.063793
548,0.678,True,0.446204,0.714695,0.63265,0.042633
549,0.6878,True,0.431545,0.49105,0.413676,0.036141
550,0.6843,True,0.346456,0.560404,0.567174,0.045149
551,0.6799,True,0.31057,0.798416,0.336634,0.048169
552,0.6811,True,0.395303,0.602764,0.454874,0.064509
553,0.6699,True,0.470409,0.827517,0.377748,0.034668
554,0.6861,True,0.440856,0.607609,0.497124,0.059786
555,0.6783,True,0.217063,0.661988,0.583384,0.064349
556,0.6877,True,0.219337,0.492717,0.735938,0.062497
557,0.6658,True,0.213983,0.762802,0.529914,0.045885
558,0.6626,True,0.316748,0.747554,0.547238,0.059617
559,0.6863,True,0.270769,0.494885,0.507704,0.065441
560,0.676,True,0.422907,0.894101,0.630618,0.063957
561,0.6558,True,0.232785,0.710317,0.584636,0.065726
562,0.685,True,0.394279,0.515554,0.507764,0.043012
563,0.6876,True,0.410893,0.477174,0.675886,0.038556
564,0.6857,True,0.419384,0.490228,0.739099,0.064365
565,0.6841,True,0.274502,0.572452,0.61939,0.04105
566,0.6836,True,0.341536,0.60086,0.479785,0.066498
567,0.6813,True,0.316094,0.676115,0.399831,0.050382
568,0.6851,True,0.372033,0.688825,0.38836,0.039453
569,0.6839,True,0.455234,0.657656,0.598951,0.037483
570,0.6704,True,0.2751,0.747568,0.48974,0.065668
571,0.6836,True,0.224184,0.650577,0.643197,0.050062
572,0.676,True,0.24676,0.683232,0.763893,0.034804
573,0.6808,True,0.30836,0.879953,0.47212,0.056093
574,0.6826,True,0.29415,0.659201,0.397806,0.052971
575,0.6791,True,0.373669,0.76599,0.76162,0.039473
576,0.6834,True,0.325313,0.763476,0.55363,0.033301
577,0.6828,True,0.445565,0.633644,0.369275,0.055526
578,0.6762,True,0.25837,0.817512,0.387845,0.069875
579,0.6732,True,0.349065,0.888252,0.667262,0.063455
580,0.6848,True,0.325169,0.599477,0.349306,0.069731
581,0.6826,True,0.35493,0.772326,0.551872,0.065085
582,0.6648,True,0.402052,0.734581,0.592889,0.060403
583,0.6704,True,0.408913,0.754399,0.450845,0.051507
584,0.6877,True,0.275014,0.448403,0.43829,0.038161
585,0.6856,True,0.273284,0.586411,0.713586,0.066461
586,0.6833,True,0.296581,0.554314,0.756269,0.050935
587,0.6867,True,0.292,0.505784,0.673903,0.062911
588,0.6496,True,0.224915,0.730318,0.339695,0.030617
589,0.6655,True,0.473958,0.735226,0.726926,0.036968
590,0.6739,True,0.326457,0.719353,0.473272,0.036921
591,0.6842,True,0.358121,0.749158,0.704498,0.047338
592,0.6849,True,0.409552,0.790429,0.727865,0.040069
593,0.6814,True,0.481277,0.786597,0.34003,0.054994
594,0.6644,True,0.40845,0.573387,0.596498,0.047467
595,0.6726,True,0.428611,0.780233,0.420609,0.049578
596,0.6711,True,0.240463,0.709219,0.355992,0.041831
597,0.6748,True,0.348511,0.801175,0.70696,0.067142
598,0.6909,True,0.461998,0.393598,0.553332,0.044659
599,0.6832,True,0.407546,0.551804,0.360002,0.06271
600,0.6849,True,0.424147,0.527404,0.539745,0.040934
601,0.6875,True,0.366186,0.465925,0.368901,0.034134
602,0.6852,True,0.299341,0.54809,0.6235,0.068035
603,0.6778,True,0.437738,0.809968,0.646619,0.04456
604,0.6802,True,0.458306,0.903236,0.533804,0.054772
605,0.6844,True,0.260345,0.561913,0.625783,0.049252
606,0.6744,True,0.460235,0.880573,0.464568,0.054752
607,0.6673,True,0.218861,0.802,0.330625,0.048187
608,0.6824,True,0.419274,0.656416,0.505636,0.039288
609,0.6865,True,0.402365,0.503945,0.645126,0.064746
610,0.6727,True,0.251564,0.769389,0.489956,0.062042
611,0.6815,True,0.285451,0.606604,0.40979,0.06282
612,0.6894,True,0.452262,0.424723,0.699654,0.051029
613,0.6661,True,0.314384,0.733657,0.725394,0.033643
614,0.6792,True,0.432808,0.817742,0.383756,0.048558
615,0.6787,True,0.271603,0.815256,0.570929,0.056124
616,0.6838,True,0.387969,0.629613,0.523295,0.055508
617,0.6841,True,0.399064,0.535384,0.484637,0.049572
618,0.684,True,0.289422,0.542525,0.73324,0.056187
619,0.6718,True,0.338413,0.794992,0.516487,0.056753
620,0.6716,True,0.333168,0.862615,0.435945,0.058844
621,0.6653,True,0.423865,0.63921,0.551099,0.045064
622,0.6757,True,0.483501,0.855459,0.530617,0.038904
623,0.6415,True,0.221386,0.829467,0.674321,0.036548
624,0.6838,True,0.226382,0.548708,0.372387,0.041832
625,0.6782,True,0.358675,0.843147,0.662114,0.043099
626,0.6644,True,0.22046,0.804428,0.441953,0.06644
627,0.6818,True,0.323894,0.66216,0.545344,0.032156
628,0.6829,True,0.296602,0.691034,0.571242,0.044461
629,0.6893,True,0.263365,0.434671,0.58539,0.057848
630,0.6823,True,0.379082,0.768537,0.485155,0.063425
631,0.6855,True,0.291334,0.609068,0.532692,0.065733
632,0.6718,True,0.370473,0.736062,0.685472,0.037755
633,0.672,True,0.418009,0.873378,0.691281,0.065119
634,0.666,True,0.236961,0.83673,0.503683,0.055781
635,0.6866,True,0.313583,0.532576,0.585639,0.031931
636,0.6913,True,0.21972,0.405334,0.398936,0.031576
637,0.6864,True,0.237588,0.528303,0.7148,0.0354
638,0.6671,True,0.291449,0.737454,0.42246,0.051655
639,0.6781,True,0.415073,0.663651,0.655108,0.062385
640,0.6869,True,0.370176,0.432876,0.537731,0.059204
641,0.6778,True,0.484478,0.804786,0.604425,0.043919
642,0.6746,True,0.465216,0.89095,0.610338,0.058702
643,0.69,True,0.247292,0.417218,0.705495,0.033344
644,0.6721,True,0.432525,0.705951,0.699514,0.055444
645,0.6776,True,0.363343,0.700886,0.623909,0.035796
646,0.6822,True,0.348193,0.651542,0.466552,0.060374
647,0.6692,True,0.28691,0.704619,0.50536,0.067663
648,0.6619,True,0.222098,0.791316,0.602904,0.056031
649,0.6795,True,0.297569,0.686863,0.508004,0.037206
650,0.668,True,0.307511,0.792773,0.69874,0.031036
651,0.6761,True,0.288342,0.77694,0.360776,0.043076
652,0.6737,True,0.211774,0.673395,0.673266,0.066935
653,0.6883,True,0.478552,0.46082,0.731936,0.053294
654,0.674,True,0.354882,0.90962,0.51661,0.0612
655,0.6834,True,0.352951,0.598463,0.421875,0.03423
656,0.6686,True,0.240235,0.776401,0.50177,0.061788
657,0.6742,True,0.328684,0.880197,0.549233,0.032114
658,0.6876,True,0.27823,0.445862,0.331274,0.042706
659,0.6857,True,0.344488,0.625323,0.670918,0.057758
660,0.6866,True,0.449173,0.506573,0.423361,0.068256
661,0.6865,True,0.272545,0.489761,0.455734,0.053873
662,0.6827,True,0.425186,0.62645,0.541681,0.068427
663,0.6678,True,0.221584,0.866365,0.340763,0.048653
664,0.6907,True,0.376808,0.406305,0.71984,0.031654
665,0.6619,True,0.230865,0.709293,0.565024,0.032401
666,0.6523,True,0.220198,0.725,0.725391,0.068875
667,0.6651,True,0.275126,0.709205,0.461658,0.060492
668,0.6513,True,0.223277,0.730867,0.611707,0.068875
669,0.68,True,0.419566,0.779883,0.393488,0.039067
670,0.6862,True,0.230803,0.599679,0.332718,0.051147
671,0.6689,True,0.323557,0.701229,0.385027,0.063866
672,0.6848,True,0.294502,0.550639,0.330842,0.056422
673,0.6898,True,0.408712,0.415943,0.594859,0.062326
674,0.6862,True,0.278513,0.478858,0.388408,0.066829
675,0.6649,True,0.3923,0.871591,0.389469,0.050841
676,0.6748,True,0.29704,0.81489,0.401272,0.048066
677,0.6847,True,0.305684,0.585936,0.576672,0.068902
678,0.6758,True,0.441033,0.816806,0.495091,0.040906
679,0.6704,True,0.309208,0.828582,0.333648,0.044799
680,0.6495,True,0.223433,0.712536,0.675945,0.068
681,0.6836,True,0.352487,0.614662,0.639715,0.043986
682,0.6792,True,0.484224,0.861969,0.525031,0.055593
683,0.6806,True,0.38691,0.67911,0.697182,0.033513
684,0.6845,True,0.391275,0.606294,0.375615,0.050004
685,0.6876,True,0.376948,0.452684,0.583284,0.04799
686,0.6847,True,0.411992,0.571267,0.36441,0.062358
687,0.6768,True,0.33214,0.739041,0.356985,0.059578
688,0.6833,True,0.465849,0.582399,0.669955,0.039963
689,0.6848,True,0.267978,0.530988,0.430648,0.034152
690,0.6637,True,0.249498,0.81564,0.592169,0.031372
691,0.6879,True,0.251821,0.480862,0.661637,0.048088
692,0.685,True,0.378848,0.560931,0.393811,0.069968
693,0.6851,True,0.288394,0.536659,0.366578,0.050196
694,0.6586,True,0.47144,0.7437,0.409609,0.064889
695,0.6839,True,0.373245,0.582187,0.493327,0.066884
696,0.6738,True,0.371997,0.748486,0.680527,0.041643
697,0.6839,True,0.367078,0.534523,0.484244,0.052728
698,0.6682,True,0.395965,0.821502,0.630861,0.060835
699,0.6883,True,0.311098,0.456708,0.330337,0.043544
700,0.6829,True,0.399851,0.621346,0.348522,0.037985
701,0.6793,True,0.377301,0.731225,0.347664,0.038249
702,0.6884,True,0.33227,0.46673,0.425561,0.043737
703,0.6806,True,0.390262,0.887405,0.760705,0.065314
704,0.6865,True,0.477494,0.566554,0.351531,0.069097
705,0.6769,True,0.318689,0.838612,0.626072,0.066123
706,0.6862,True,0.255391,0.586511,0.706341,0.057763
707,0.6878,True,0.228241,0.437479,0.628518,0.056637
708,0.6874,True,0.218384,0.442693,0.335011,0.042232
709,0.6671,True,0.385972,0.712429,0.45544,0.056072
710,0.6873,True,0.305944,0.476123,0.597413,0.038529
711,0.6864,True,0.258437,0.52884,0.669335,0.031068
712,0.6843,True,0.394326,0.555719,0.483396,0.043407
713,0.6861,True,0.267407,0.587747,0.367974,0.053133
714,0.6748,True,0.305111,0.90736,0.437166,0.038884
715,0.6892,True,0.358288,0.40375,0.733313,0.039349
716,0.6887,True,0.225396,0.438986,0.50724,0.060061
717,0.6902,True,0.443633,0.417443,0.758769,0.042667
718,0.6764,True,0.22138,0.69233,0.586603,0.045311
719,0.6771,True,0.277433,0.853741,0.413747,0.064679
720,0.6836,True,0.461135,0.567832,0.682953,0.052081
721,0.6738,True,0.331202,0.724204,0.644033,0.040018
722,0.6845,True,0.330519,0.65912,0.487454,0.045395
723,0.6915,True,0.405987,0.39528,0.597875,0.054433
724,0.6623,True,0.242519,0.719034,0.566873,0.035617
725,0.6599,True,0.474324,0.794522,0.554988,0.055668
726,0.6837,True,0.485696,0.539464,0.431406,0.038405
727,0.659,True,0.417364,0.774832,0.76932,0.042513
728,0.6732,True,0.460555,0.756904,0.533022,0.067089
729,0.6751,True,0.332123,0.809881,0.70916,0.032973
730,0.6756,True,0.310997,0.746136,0.530263,0.042081
731,0.6864,True,0.222618,0.478596,0.420503,0.054108
732,0.6842,True,0.235168,0.63539,0.651031,0.044167
733,0.686,True,0.442606,0.490016,0.45994,0.054218
734,0.6734,True,0.392416,0.732376,0.726846,0.065646
735,0.6777,True,0.277687,0.765462,0.473865,0.04771
736,0.6859,True,0.298349,0.568255,0.492794,0.056676
737,0.687,True,0.479732,0.450422,0.56248,0.045106
738,0.6888,True,0.439709,0.448536,0.731964,0.051582
739,0.6859,True,0.223351,0.505365,0.498644,0.047823
740,0.6725,True,0.262318,0.700695,0.420029,0.031541
741,0.6889,True,0.264841,0.426058,0.562611,0.068172
742,0.6722,True,0.425745,0.878315,0.330749,0.032152
743,0.6838,True,0.263592,0.559676,0.466419,0.05995
744,0.6859,True,0.325631,0.544771,0.720172,0.058313
745,0.678,True,0.264857,0.806734,0.416368,0.060143
746,0.6785,True,0.225287,0.666961,0.359696,0.034129
747,0.6883,True,0.485357,0.441355,0.712021,0.059249
748,0.6853,True,0.461898,0.759855,0.505549,0.056192
749,0.6883,True,0.360494,0.458336,0.347209,0.039722
750,0.6767,True,0.343891,0.906371,0.731546,0.041284
751,0.685,True,0.305545,0.518213,0.631257,0.035548
752,0.6834,True,0.256258,0.659986,0.642013,0.038457
753,0.6836,True,0.334721,0.552292,0.695036,0.031997
754,0.6759,True,0.309259,0.806296,0.423701,0.052737
755,0.6822,True,0.480697,0.713095,0.349286,0.036162
756,0.6848,True,0.451856,0.549692,0.384632,0.059626
757,0.6617,True,0.391601,0.753713,0.710001,0.048548
758,0.6807,True,0.210003,0.641624,0.417892,0.037359
759,0.6907,True,0.315485,0.390571,0.418985,0.063901
760,0.6837,True,0.378466,0.557081,0.51009,0.045652
761,0.6667,True,0.478461,0.833299,0.58033,0.05198
762,0.6816,True,0.327289,0.639037,0.529967,0.068522
763,0.6779,True,0.443328,0.790806,0.650188,0.067342
764,0.682,True,0.368554,0.691344,0.457113,0.045151
765,0.6803,True,0.402799,0.660656,0.344835,0.030746
766,0.6821,True,0.34192,0.874877,0.335544,0.049721
767,0.6616,True,0.336008,0.634694,0.44562,0.032065
768,0.6733,True,0.271514,0.784727,0.714174,0.056409
769,0.6847,True,0.445401,0.539409,0.711825,0.034238
770,0.6868,True,0.263196,0.482141,0.368561,0.053161
771,0.6727,True,0.25292,0.700685,0.68622,0.044626
772,0.666,True,0.245701,0.807552,0.338475,0.067824
773,0.6865,True,0.214954,0.508028,0.343209,0.049418
774,0.68,True,0.404102,0.890745,0.381255,0.034121
775,0.6752,True,0.300447,0.834535,0.38871,0.061053
776,0.6851,True,0.234781,0.522998,0.342082,0.069002
777,0.6602,True,0.410398,0.734276,0.767122,0.057344
778,0.6644,True,0.24384,0.864343,0.629202,0.032723
779,0.6742,True,0.422878,0.793549,0.4613,0.030517
780,0.6731,True,0.461549,0.854166,0.562871,0.049263
781,0.6847,True,0.436204,0.828751,0.333849,0.067004
782,0.6584,True,0.333618,0.755721,0.604984,0.065176
783,0.688,True,0.459764,0.468313,0.58204,0.049177
784,0.6741,True,0.276386,0.795441,0.36074,0.040882
785,0.6886,True,0.253403,0.476339,0.697601,0.059957
786,0.676,True,0.302878,0.831643,0.459969,0.041961
787,0.6828,True,0.2146,0.630729,0.406991,0.037426
788,0.6883,True,0.242756,0.445288,0.440167,0.066147
789,0.6851,True,0.380368,0.607359,0.331156,0.066711
790,0.6691,True,0.379289,0.817825,0.680835,0.036186
791,0.6883,True,0.440765,0.466413,0.495833,0.033791
792,0.6773,True,0.442679,0.905107,0.45935,0.060967
793,0.6773,True,0.315598,0.851543,0.73196,0.052873
794,0.6618,True,0.287006,0.647591,0.428969,0.048633
795,0.6783,True,0.349922,0.796859,0.608796,0.043577
796,0.6633,True,0.354397,0.880133,0.520384,0.030734
797,0.6827,True,0.481176,0.598176,0.489962,0.031201
798,0.6667,True,0.299096,0.713073,0.649247,0.067213
799,0.6775,True,0.292045,0.805717,0.653214,0.033389
800,0.682,True,0.245838,0.603656,0.72676,0.03996
801,0.6621,True,0.469714,0.87044,0.758932,0.032588
802,0.6857,True,0.232973,0.646042,0.558555,0.046294
803,0.6837,True,0.283071,0.667212,0.37527,0.051492
804,0.6717,True,0.268024,0.877538,0.686792,0.058109
805,0.6782,True,0.270269,0.667147,0.472665,0.067968
806,0.6675,True,0.449368,0.797762,0.580175,0.051674
807,0.681,True,0.32912,0.791847,0.546351,0.052611
808,0.6856,True,0.315063,0.611849,0.608522,0.050851
809,0.6809,True,0.381711,0.667531,0.710132,0.032807
810,0.6813,True,0.485297,0.815603,0.49209,0.058875
811,0.6858,True,0.429268,0.474978,0.437996,0.053474
812,0.6716,True,0.408416,0.769367,0.649603,0.066713
813,0.6798,True,0.318682,0.683569,0.660184,0.036343
814,0.6635,True,0.241487,0.810962,0.466804,0.063919
815,0.6771,True,0.357377,0.682771,0.582837,0.063543
816,0.686,True,0.349304,0.513049,0.386585,0.035787
817,0.6618,True,0.360268,0.73163,0.520007,0.049747
818,0.6677,True,0.232929,0.788662,0.460123,0.068622
819,0.6879,True,0.36019,0.425891,0.53458,0.057209
820,0.6881,True,0.279276,0.454757,0.345607,0.039186
821,0.6807,True,0.322403,0.670182,0.474502,0.034877
822,0.6506,True,0.310582,0.696776,0.42612,0.061802
823,0.6816,True,0.392364,0.891632,0.550694,0.04287
824,0.6736,True,0.298201,0.902824,0.698571,0.04132
825,0.6688,True,0.283819,0.85653,0.716378,0.036558
826,0.6711,True,0.25081,0.875639,0.365202,0.047086
827,0.689,True,0.221547,0.448119,0.517485,0.063285
828,0.683,True,0.277112,0.619723,0.765073,0.042933
829,0.6763,True,0.312062,0.848829,0.652353,0.062009
830,0.6846,True,0.305985,0.618316,0.446242,0.040419
831,0.666,True,0.276303,0.71985,0.709366,0.060212
832,0.6834,True,0.256456,0.565214,0.416499,0.050495
833,0.6643,True,0.40807,0.497159,0.338003,0.042589
834,0.6877,True,0.365591,0.459709,0.421525,0.047069
835,0.6836,True,0.276655,0.587211,0.341111,0.039146
836,0.6852,True,0.366241,0.514977,0.729354,0.05758
837,0.6788,True,0.288997,0.685616,0.335036,0.035978
838,0.6886,True,0.319748,0.453352,0.387714,0.051969
839,0.6757,True,0.267077,0.815005,0.50865,0.049661
840,0.6873,True,0.240339,0.517267,0.752739,0.064691
841,0.6812,True,0.380388,0.895784,0.467957,0.031838
842,0.6849,True,0.464239,0.756388,0.605602,0.049206
843,0.6789,True,0.320884,0.885621,0.469574,0.042913
844,0.6754,True,0.312533,0.724472,0.381168,0.037189
845,0.6863,True,0.473164,0.537125,0.639311,0.066933
846,0.679,True,0.429564,0.695347,0.364052,0.033955
847,0.6704,True,0.451027,0.770286,0.444348,0.052458
848,0.6863,True,0.394329,0.598604,0.618201,0.051699
849,0.6806,True,0.417174,0.857072,0.598661,0.045124
850,0.6666,True,0.342216,0.638897,0.455778,0.052726
851,0.6889,True,0.222327,0.403092,0.529546,0.068913
852,0.6782,True,0.48755,0.700831,0.611976,0.033476
853,0.6519,True,0.353202,0.894036,0.395294,0.067636
854,0.6837,True,0.410155,0.590648,0.414358,0.042009
855,0.6842,True,0.415299,0.622376,0.720553,0.054538
856,0.6844,True,0.278082,0.578524,0.631945,0.062724
857,0.682,True,0.293079,0.817997,0.465561,0.059265
858,0.6873,True,0.483042,0.473913,0.562311,0.043236
859,0.6799,True,0.31693,0.689959,0.336178,0.037756
860,0.6756,True,0.392738,0.752242,0.650806,0.045042
861,0.6781,True,0.383055,0.792528,0.619061,0.047057
862,0.6895,True,0.251285,0.396831,0.378232,0.050108
863,0.6863,True,0.323484,0.453073,0.618889,0.044728
864,0.6889,True,0.48366,0.453744,0.661015,0.052631
865,0.6848,True,0.450954,0.539833,0.429256,0.053832
866,0.6915,True,0.257114,0.394067,0.584274,0.031782
867,0.6905,True,0.387999,0.39883,0.682214,0.053987
868,0.6883,True,0.382091,0.421412,0.723314,0.068757
869,0.6744,True,0.428422,0.856499,0.576315,0.059775
870,0.6837,True,0.454319,0.604933,0.673894,0.038462
871,0.6869,True,0.464004,0.628466,0.34397,0.057204
872,0.689,True,0.232173,0.429926,0.468537,0.067311
873,0.6845,True,0.287716,0.761198,0.611115,0.047934
874,0.6879,True,0.252002,0.446359,0.456141,0.064571
875,0.6892,True,0.396143,0.391975,0.587703,0.0435
876,0.6815,True,0.413354,0.641805,0.452557,0.033312
877,0.6674,True,0.409315,0.723522,0.451898,0.054595
878,0.6795,True,0.380712,0.639692,0.567218,0.062114
879,0.6738,True,0.46348,0.842504,0.749876,0.067156
880,0.6822,True,0.435463,0.699529,0.725776,0.03824
881,0.6746,True,0.428199,0.794391,0.679723,0.048489
882,0.682,True,0.47211,0.807395,0.57296,0.064181
883,0.6886,True,0.466043,0.432165,0.515579,0.060516
884,0.6787,True,0.337698,0.805232,0.602004,0.038787
885,0.6833,True,0.391028,0.589014,0.740175,0.043107
886,0.6845,True,0.385911,0.537892,0.585572,0.038274
887,0.6822,True,0.286763,0.594733,0.460279,0.030999
888,0.6664,True,0.232575,0.695417,0.521814,0.059073
889,0.6863,True,0.33838,0.519164,0.37461,0.067693
890,0.6869,True,0.400165,0.478789,0.656292,0.059754
891,0.668,True,0.228164,0.79381,0.541068,0.053688
892,0.6863,True,0.220607,0.520943,0.648135,0.062853
893,0.6857,True,0.468627,0.876421,0.655698,0.034774
894,0.6713,True,0.279031,0.897426,0.406906,0.04185
895,0.6805,True,0.48993,0.675891,0.743522,0.062697
896,0.683,True,0.471557,0.690587,0.653057,0.044351
897,0.6736,True,0.460946,0.828405,0.693422,0.04766
898,0.6782,True,0.288628,0.70568,0.483497,0.039672
899,0.6646,True,0.215392,0.85442,0.668061,0.069803
900,0.659,True,0.212141,0.77976,0.490863,0.061653
901,0.6841,True,0.283477,0.560734,0.393896,0.065799
902,0.6687,True,0.252131,0.698759,0.7554,0.033006
903,0.6853,True,0.285665,0.638255,0.761865,0.045842
904,0.6883,True,0.381113,0.416286,0.401383,0.035424
905,0.6876,True,0.468775,0.440002,0.459451,0.064845
906,0.6872,True,0.377775,0.64955,0.34785,0.053398
907,0.6827,True,0.452333,0.696009,0.450819,0.045843
908,0.6646,True,0.266931,0.801849,0.5343,0.03017
909,0.6779,True,0.349087,0.735353,0.484839,0.042604
910,0.6798,True,0.402044,0.641486,0.511993,0.060876
911,0.6853,True,0.318005,0.584871,0.351887,0.057079
912,0.6833,True,0.362605,0.624482,0.672209,0.030078
913,0.672,True,0.367852,0.810915,0.68975,0.041597
914,0.6896,True,0.470263,0.418802,0.529887,0.045063
915,0.6883,True,0.234518,0.476934,0.391906,0.038099
916,0.6841,True,0.428783,0.560468,0.423261,0.037983
917,0.6835,True,0.455261,0.607685,0.457992,0.069868
918,0.6898,True,0.476375,0.452745,0.369863,0.034844
919,0.6828,True,0.407771,0.606076,0.684663,0.039093
920,0.6657,True,0.367046,0.59912,0.551447,0.06207
921,0.6807,True,0.365549,0.671352,0.686827,0.030234
922,0.6791,True,0.45821,0.666175,0.443359,0.065092
923,0.6843,True,0.337537,0.643079,0.384809,0.040518
924,0.6873,True,0.288924,0.491461,0.40021,0.038726
925,0.6888,True,0.45456,0.438589,0.575963,0.033355
926,0.6832,True,0.389762,0.627908,0.462469,0.03314
927,0.6497,True,0.216312,0.738252,0.656989,0.064412
928,0.6858,True,0.281451,0.511179,0.753569,0.03428
929,0.6804,True,0.450242,0.654433,0.505655,0.059583
930,0.6873,True,0.466857,0.471412,0.526749,0.038195
931,0.6706,True,0.401056,0.769516,0.3556,0.060662
932,0.6848,True,0.425757,0.539098,0.538353,0.057171
933,0.6796,True,0.437432,0.86451,0.383864,0.034218
934,0.6785,True,0.41878,0.867108,0.350317,0.0541
935,0.6884,True,0.275843,0.409124,0.534664,0.067868
936,0.6858,True,0.3223,0.487372,0.625427,0.048828
937,0.6907,True,0.440471,0.409183,0.428718,0.048832
938,0.677,True,0.263566,0.684142,0.344724,0.030229
939,0.6892,True,0.458139,0.411856,0.548873,0.046365
940,0.6729,True,0.317432,0.692005,0.702905,0.065056
941,0.6871,True,0.401768,0.475948,0.488109,0.057692
942,0.678,True,0.337654,0.806175,0.699253,0.064725
943,0.6845,True,0.269101,0.604484,0.526922,0.061763
944,0.6885,True,0.268984,0.461681,0.350899,0.037358
945,0.6833,True,0.212127,0.680821,0.635867,0.045195
946,0.685,True,0.362473,0.540649,0.57205,0.050628
947,0.688,True,0.295419,0.459195,0.571592,0.036288
948,0.6787,True,0.480785,0.757154,0.596714,0.05664
949,0.6844,True,0.412864,0.566845,0.418981,0.044999
950,0.686,True,0.469454,0.50791,0.504814,0.039384
951,0.6881,True,0.437577,0.473797,0.386008,0.033036
952,0.6616,True,0.30933,0.726431,0.628623,0.064318
953,0.6577,True,0.234141,0.745708,0.675873,0.044824
954,0.6821,True,0.428363,0.574408,0.353314,0.040449
955,0.6832,True,0.452492,0.547481,0.533584,0.031805
956,0.6671,True,0.229722,0.881453,0.510288,0.06269
957,0.6803,True,0.274332,0.862603,0.721235,0.054817
958,0.6894,True,0.409964,0.416461,0.712384,0.053346
959,0.6875,True,0.340977,0.465344,0.557248,0.039203
960,0.6641,True,0.236079,0.876902,0.497793,0.038334
961,0.6857,True,0.390032,0.564612,0.713617,0.063462
962,0.6772,True,0.393219,0.873207,0.456232,0.067248
963,0.6878,True,0.474023,0.439642,0.761972,0.046619
964,0.6852,True,0.228993,0.588397,0.754878,0.066273
965,0.6857,True,0.305002,0.575912,0.502499,0.063147
966,0.6905,True,0.232831,0.43286,0.622593,0.035018
967,0.6897,True,0.312019,0.407501,0.455567,0.065401
968,0.6898,True,0.236762,0.411751,0.341313,0.041838
969,0.6841,True,0.377555,0.549027,0.738263,0.042056
970,0.6831,True,0.452255,0.637557,0.734107,0.060655
971,0.6845,True,0.348937,0.593254,0.41415,0.039837
972,0.6785,True,0.364013,0.806633,0.440401,0.058481
973,0.6837,True,0.43684,0.589985,0.342966,0.033843
974,0.6717,True,0.474064,0.747626,0.691572,0.048926
975,0.6683,True,0.311296,0.818725,0.495326,0.03281
976,0.6744,True,0.305751,0.761445,0.475714,0.043938
977,0.6836,True,0.454054,0.57728,0.477756,0.053293
978,0.6723,True,0.340568,0.805362,0.456302,0.054953
979,0.6855,True,0.440575,0.895533,0.668333,0.060233
980,0.6847,True,0.293389,0.614726,0.693946,0.048454
981,0.6863,True,0.309516,0.640945,0.420662,0.055006
982,0.6871,True,0.353251,0.482381,0.441623,0.044022
983,0.6799,True,0.314449,0.876184,0.666032,0.066178
984,0.6718,True,0.261739,0.785944,0.578918,0.036715
985,0.6835,True,0.410975,0.587162,0.492473,0.031215
986,0.6701,True,0.331895,0.854021,0.696168,0.03437
987,0.6873,True,0.298204,0.452343,0.692313,0.062546
988,0.648,True,0.229275,0.885259,0.720745,0.069685
989,0.6548,True,0.225781,0.705565,0.660324,0.062847
990,0.6741,True,0.332349,0.746034,0.547113,0.041887
991,0.6811,True,0.463733,0.792052,0.723239,0.048173
992,0.6592,True,0.269182,0.891548,0.591723,0.043373
993,0.6858,True,0.31351,0.585388,0.394891,0.055889
994,0.685,True,0.339122,0.525116,0.431506,0.044641
995,0.6856,True,0.286616,0.525327,0.476161,0.061694
996,0.6703,True,0.26625,0.737179,0.332942,0.050053
997,0.6828,True,0.419055,0.769431,0.355158,0.034825
998,0.6826,True,0.451521,0.908286,0.767191,0.067424
999,0.6638,True,0.292673,0.722607,0.397291,0.064558
