scenario,policy,trial,hqm,S,E,B,R,unsafe_commits,decision_latency_ms,resolution,n_transitions
pedestrian_curb,greedy,0,0.6,0.0,1.0,1.0,1.0,0,0.0,GREEDY_COMMIT,0
pedestrian_curb,hesitation,0,0.7401,0.4991,1.0,0.7022,1.0,0,1900.0,EARNED_COMMIT,2
pedestrian_curb,fixed_delay,0,0.425,-0.2656,1.0,0.6561,1.0,0,2000.0,FIXED_DELAY,1
pedestrian_curb,random_delay,0,0.4474,-0.1994,1.0,0.6358,1.0,0,2051.0,RANDOM_DELAY,1
pedestrian_curb,risk_threshold,0,0.573,0.0105,1.0,0.8443,1.0,0,0.0,RISK_THRESHOLD,1
pedestrian_curb,ttc_only,0,0.573,0.0105,1.0,0.8443,1.0,0,0.0,TTC_COMMIT,1
pedestrian_curb,greedy,1,0.6,0.0,1.0,1.0,1.0,0,0.0,GREEDY_COMMIT,0
pedestrian_curb,hesitation,1,0.7474,0.5167,1.0,0.7037,1.0,0,1900.0,EARNED_COMMIT,2
pedestrian_curb,fixed_delay,1,0.4353,-0.242,1.0,0.6604,1.0,0,2000.0,FIXED_DELAY,1
pedestrian_curb,random_delay,1,0.5678,0.1115,1.0,0.6159,1.0,0,3695.1,RANDOM_DELAY,1
pedestrian_curb,risk_threshold,1,0.572,0.008,1.0,0.8442,1.0,0,0.0,RISK_THRESHOLD,1
pedestrian_curb,ttc_only,1,0.572,0.008,1.0,0.8442,1.0,0,0.0,TTC_COMMIT,1
pedestrian_curb,greedy,2,0.6,0.0,1.0,1.0,1.0,0,0.0,GREEDY_COMMIT,0
pedestrian_curb,hesitation,2,0.7615,0.5503,1.0,0.707,1.0,0,1900.0,EARNED_COMMIT,2
pedestrian_curb,fixed_delay,2,0.4331,-0.2461,1.0,0.6575,1.0,0,2000.0,FIXED_DELAY,1
pedestrian_curb,random_delay,2,0.5272,0.0132,1.0,0.6097,1.0,0,2371.8,RANDOM_DELAY,1
pedestrian_curb,risk_threshold,2,0.5842,0.0384,1.0,0.8443,1.0,0,0.0,RISK_THRESHOLD,1
pedestrian_curb,ttc_only,2,0.5842,0.0384,1.0,0.8443,1.0,0,0.0,TTC_COMMIT,1
pedestrian_curb,greedy,3,0.6,0.0,1.0,1.0,1.0,0,0.0,GREEDY_COMMIT,0
pedestrian_curb,hesitation,3,0.7498,0.5229,1.0,0.7033,1.0,0,1900.0,EARNED_COMMIT,2
pedestrian_curb,fixed_delay,3,0.439,-0.2337,1.0,0.6624,1.0,0,2000.0,FIXED_DELAY,1
pedestrian_curb,random_delay,3,0.4048,-0.3338,1.0,0.6917,1.0,0,1889.9,RANDOM_DELAY,1
pedestrian_curb,risk_threshold,3,0.5722,0.0087,1.0,0.8435,1.0,0,0.0,RISK_THRESHOLD,1
pedestrian_curb,ttc_only,3,0.5722,0.0087,1.0,0.8435,1.0,0,0.0,TTC_COMMIT,1
pedestrian_curb,greedy,4,0.6,0.0,1.0,1.0,1.0,0,0.0,GREEDY_COMMIT,0
pedestrian_curb,hesitation,4,0.7399,0.4977,1.0,0.7041,1.0,0,1900.0,EARNED_COMMIT,2
pedestrian_curb,fixed_delay,4,0.4379,-0.233,1.0,0.6553,1.0,0,2000.0,FIXED_DELAY,1
pedestrian_curb,random_delay,4,0.529,0.0253,1.0,0.5943,1.0,0,2499.0,RANDOM_DELAY,1
pedestrian_curb,risk_threshold,4,0.5644,-0.0111,1.0,0.8441,1.0,0,0.0,RISK_THRESHOLD,1
pedestrian_curb,ttc_only,4,0.5644,-0.0111,1.0,0.8441,1.0,0,0.0,TTC_COMMIT,1
pedestrian_curb,greedy,5,0.6,0.0,1.0,1.0,1.0,0,0.0,GREEDY_COMMIT,0
pedestrian_curb,hesitation,5,0.7526,0.5304,1.0,0.7019,1.0,0,1900.0,EARNED_COMMIT,2
pedestrian_curb,fixed_delay,5,0.4277,-0.2623,1.0,0.663,1.0,0,2000.0,FIXED_DELAY,1
pedestrian_curb,random_delay,5,0.5588,0.0908,1.0,0.6123,1.0,0,3830.8,RANDOM_DELAY,1
pedestrian_curb,risk_threshold,5,0.5717,0.0071,1.0,0.8441,1.0,0,0.0,RISK_THRESHOLD,1
pedestrian_curb,ttc_only,5,0.5717,0.0071,1.0,0.8441,1.0,0,0.0,TTC_COMMIT,1
pedestrian_curb,greedy,6,0.6,0.0,1.0,1.0,1.0,0,0.0,GREEDY_COMMIT,0
pedestrian_curb,hesitation,6,0.7378,0.4926,1.0,0.7041,1.0,0,1900.0,EARNED_COMMIT,2
pedestrian_curb,fixed_delay,6,0.4338,-0.2432,1.0,0.6556,1.0,0,2000.0,FIXED_DELAY,1
pedestrian_curb,random_delay,6,0.593,0.0603,1.0,0.8444,1.0,0,161.7,RANDOM_DELAY,1
pedestrian_curb,risk_threshold,6,0.5801,0.0279,1.0,0.8444,1.0,0,0.0,RISK_THRESHOLD,1
pedestrian_curb,ttc_only,6,0.5801,0.0279,1.0,0.8444,1.0,0,0.0,TTC_COMMIT,1
pedestrian_curb,greedy,7,0.6,0.0,1.0,1.0,1.0,0,0.0,GREEDY_COMMIT,0
pedestrian_curb,hesitation,7,0.7513,0.5264,1.0,0.7035,1.0,0,1900.0,EARNED_COMMIT,2
pedestrian_curb,fixed_delay,7,0.4432,-0.2182,1.0,0.6525,1.0,0,2000.0,FIXED_DELAY,1
pedestrian_curb,random_delay,7,0.3495,-0.5315,1.0,0.8106,1.0,0,1370.8,RANDOM_DELAY,1
pedestrian_curb,risk_threshold,7,0.5812,0.0309,1.0,0.8445,1.0,0,0.0,RISK_THRESHOLD,1
pedestrian_curb,ttc_only,7,0.5812,0.0309,1.0,0.8445,1.0,0,0.0,TTC_COMMIT,1
pedestrian_curb,greedy,8,0.6,0.0,1.0,1.0,1.0,0,0.0,GREEDY_COMMIT,0
pedestrian_curb,hesitation,8,0.7421,0.5026,1.0,0.7052,1.0,0,1900.0,EARNED_COMMIT,2
pedestrian_curb,fixed_delay,8,0.4345,-0.2442,1.0,0.6611,1.0,0,2000.0,FIXED_DELAY,1
pedestrian_curb,random_delay,8,0.3838,-0.4498,1.0,0.8185,1.0,0,1232.5,RANDOM_DELAY,1
pedestrian_curb,risk_threshold,8,0.5795,0.0269,1.0,0.8439,1.0,0,0.0,RISK_THRESHOLD,1
pedestrian_curb,ttc_only,8,0.5795,0.0269,1.0,0.8439,1.0,0,0.0,TTC_COMMIT,1
pedestrian_curb,greedy,9,0.6,0.0,1.0,1.0,1.0,0,0.0,GREEDY_COMMIT,0
pedestrian_curb,hesitation,9,0.7482,0.5157,1.0,0.7096,1.0,0,1900.0,EARNED_COMMIT,2
pedestrian_curb,fixed_delay,9,0.4349,-0.2419,1.0,0.6586,1.0,0,2000.0,FIXED_DELAY,1
pedestrian_curb,random_delay,9,0.547,0.0734,1.0,0.588,1.0,0,2866.7,RANDOM_DELAY,1
pedestrian_curb,risk_threshold,9,0.5739,0.0126,1.0,0.844,1.0,0,0.0,RISK_THRESHOLD,1
pedestrian_curb,ttc_only,9,0.5739,0.0126,1.0,0.844,1.0,0,0.0,TTC_COMMIT,1
pedestrian_curb,greedy,10,0.6,0.0,1.0,1.0,1.0,0,0.0,GREEDY_COMMIT,0
pedestrian_curb,hesitation,10,0.7452,0.5174,1.0,0.691,1.0,0,1933.3,EARNED_COMMIT,2
pedestrian_curb,fixed_delay,10,0.4347,-0.2421,1.0,0.658,1.0,0,2000.0,FIXED_DELAY,1
pedestrian_curb,random_delay,10,0.5382,0.0516,1.0,0.588,1.0,0,2909.2,RANDOM_DELAY,1
pedestrian_curb,risk_threshold,10,0.5764,0.0189,1.0,0.8441,1.0,0,0.0,RISK_THRESHOLD,1
pedestrian_curb,ttc_only,10,0.5764,0.0189,1.0,0.8441,1.0,0,0.0,TTC_COMMIT,1
pedestrian_curb,greedy,11,0.6,0.0,1.0,1.0,1.0,0,0.0,GREEDY_COMMIT,0
pedestrian_curb,hesitation,11,0.7606,0.5491,1.0,0.7049,1.0,0,1900.0,EARNED_COMMIT,2
pedestrian_curb,fixed_delay,11,0.4436,-0.22,1.0,0.6582,1.0,0,2000.0,FIXED_DELAY,1
pedestrian_curb,random_delay,11,0.5374,0.0502,1.0,0.5867,1.0,0,2541.7,RANDOM_DELAY,1
pedestrian_curb,risk_threshold,11,0.5722,0.0086,1.0,0.8438,1.0,0,0.0,RISK_THRESHOLD,1
pedestrian_curb,ttc_only,11,0.5722,0.0086,1.0,0.8438,1.0,0,0.0,TTC_COMMIT,1
pedestrian_curb,greedy,12,0.6,0.0,1.0,1.0,1.0,0,0.0,GREEDY_COMMIT,0
pedestrian_curb,hesitation,12,0.7416,0.5027,1.0,0.7024,1.0,0,1900.0,EARNED_COMMIT,2
pedestrian_curb,fixed_delay,12,0.4391,-0.2316,1.0,0.6588,1.0,0,2000.0,FIXED_DELAY,1
pedestrian_curb,random_delay,12,0.5458,0.0687,1.0,0.5916,1.0,0,3034.2,RANDOM_DELAY,1
pedestrian_curb,risk_threshold,12,0.5747,0.0149,1.0,0.8437,1.0,0,0.0,RISK_THRESHOLD,1
pedestrian_curb,ttc_only,12,0.5747,0.0149,1.0,0.8437,1.0,0,0.0,TTC_COMMIT,1
pedestrian_curb,greedy,13,0.6,0.0,1.0,1.0,1.0,0,0.0,GREEDY_COMMIT,0
pedestrian_curb,hesitation,13,0.7467,0.5198,1.0,0.6939,1.0,0,1933.3,EARNED_COMMIT,2
pedestrian_curb,fixed_delay,13,0.4394,-0.2314,1.0,0.6596,1.0,0,2000.0,FIXED_DELAY,1
pedestrian_curb,random_delay,13,0.4679,-0.1387,1.0,0.617,1.0,0,2108.4,RANDOM_DELAY,1
pedestrian_curb,risk_threshold,13,0.5748,0.0149,1.0,0.8443,1.0,0,0.0,RISK_THRESHOLD,1
pedestrian_curb,ttc_only,13,0.5748,0.0149,1.0,0.8443,1.0,0,0.0,TTC_COMMIT,1
pedestrian_curb,greedy,14,0.6,0.0,1.0,1.0,1.0,0,0.0,GREEDY_COMMIT,0
pedestrian_curb,hesitation,14,0.7406,0.4995,1.0,0.7042,1.0,0,1900.0,EARNED_COMMIT,2
pedestrian_curb,fixed_delay,14,0.4334,-0.2474,1.0,0.6618,1.0,0,2000.0,FIXED_DELAY,1
pedestrian_curb,random_delay,14,0.4487,-0.2964,1.0,0.8363,1.0,0,1043.2,RANDOM_DELAY,1
pedestrian_curb,risk_threshold,14,0.5776,0.0221,1.0,0.844,1.0,0,0.0,RISK_THRESHOLD,1
pedestrian_curb,ttc_only,14,0.5776,0.0221,1.0,0.844,1.0,0,0.0,TTC_COMMIT,1
pedestrian_curb,greedy,15,0.6,0.0,1.0,1.0,1.0,0,0.0,GREEDY_COMMIT,0
pedestrian_curb,hesitation,15,0.7406,0.4995,1.0,0.7038,1.0,0,1900.0,EARNED_COMMIT,2
pedestrian_curb,fixed_delay,15,0.4336,-0.2425,1.0,0.653,1.0,0,2000.0,FIXED_DELAY,1
pedestrian_curb,random_delay,15,0.5417,0.0623,1.0,0.5837,1.0,0,2833.9,RANDOM_DELAY,1
pedestrian_curb,risk_threshold,15,0.5731,0.0105,1.0,0.8444,1.0,0,0.0,RISK_THRESHOLD,1
pedestrian_curb,ttc_only,15,0.5731,0.0105,1.0,0.8444,1.0,0,0.0,TTC_COMMIT,1
pedestrian_curb,greedy,16,0.6,0.0,1.0,1.0,1.0,0,0.0,GREEDY_COMMIT,0
pedestrian_curb,hesitation,16,0.7474,0.5158,1.0,0.7057,1.0,0,1900.0,EARNED_COMMIT,2
pedestrian_curb,fixed_delay,16,0.4391,-0.2335,1.0,0.6628,1.0,0,2000.0,FIXED_DELAY,1
pedestrian_curb,random_delay,16,0.5133,-0.0246,1.0,0.6157,1.0,0,2305.8,RANDOM_DELAY,1
pedestrian_curb,risk_threshold,16,0.5837,0.0372,1.0,0.8441,1.0,0,0.0,RISK_THRESHOLD,1
pedestrian_curb,ttc_only,16,0.5837,0.0372,1.0,0.8441,1.0,0,0.0,TTC_COMMIT,1
pedestrian_curb,greedy,17,0.6,0.0,1.0,1.0,1.0,0,0.0,GREEDY_COMMIT,0
pedestrian_curb,hesitation,17,0.743,0.5043,1.0,0.7064,1.0,0,1900.0,EARNED_COMMIT,2
pedestrian_curb,fixed_delay,17,0.4436,-0.22,1.0,0.658,1.0,0,2000.0,FIXED_DELAY,1
pedestrian_curb,random_delay,17,0.3403,-0.5322,1.0,0.7659,1.0,0,1549.7,RANDOM_DELAY,1
pedestrian_curb,risk_threshold,17,0.5762,0.0184,1.0,0.8441,1.0,0,0.0,RISK_THRESHOLD,1
pedestrian_curb,ttc_only,17,0.5762,0.0184,1.0,0.8441,1.0,0,0.0,TTC_COMMIT,1
pedestrian_curb,greedy,18,0.6,0.0,1.0,1.0,1.0,0,0.0,GREEDY_COMMIT,0
pedestrian_curb,hesitation,18,0.7404,0.5,1.0,0.702,1.0,0,1900.0,EARNED_COMMIT,2
pedestrian_curb,fixed_delay,18,0.4463,-0.2143,1.0,0.6602,1.0,0,2000.0,FIXED_DELAY,1
pedestrian_curb,random_delay,18,0.5444,0.0624,1.0,0.5973,1.0,0,3106.8,RANDOM_DELAY,1
pedestrian_curb,risk_threshold,18,0.5836,0.0368,1.0,0.8444,1.0,0,0.0,RISK_THRESHOLD,1
pedestrian_curb,ttc_only,18,0.5836,0.0368,1.0,0.8444,1.0,0,0.0,TTC_COMMIT,1
pedestrian_curb,greedy,19,0.6,0.0,1.0,1.0,1.0,0,0.0,GREEDY_COMMIT,0
pedestrian_curb,hesitation,19,0.7617,0.5498,1.0,0.709,1.0,0,1900.0,EARNED_COMMIT,2
pedestrian_curb,fixed_delay,19,0.4402,-0.2317,1.0,0.6643,1.0,0,2000.0,FIXED_DELAY,1
pedestrian_curb,random_delay,19,0.5288,0.0274,1.0,0.5894,1.0,0,2557.8,RANDOM_DELAY,1
pedestrian_curb,risk_threshold,19,0.5739,0.0126,1.0,0.8443,1.0,0,0.0,RISK_THRESHOLD,1
pedestrian_curb,ttc_only,19,0.5739,0.0126,1.0,0.8443,1.0,0,0.0,TTC_COMMIT,1
pedestrian_curb,greedy,20,0.6,0.0,1.0,1.0,1.0,0,0.0,GREEDY_COMMIT,0
pedestrian_curb,hesitation,20,0.7512,0.5268,1.0,0.7025,1.0,0,1900.0,EARNED_COMMIT,2
pedestrian_curb,fixed_delay,20,0.4321,-0.2467,1.0,0.6537,1.0,0,2000.0,FIXED_DELAY,1
pedestrian_curb,random_delay,20,0.5173,-0.0084,1.0,0.6033,1.0,0,2416.7,RANDOM_DELAY,1
pedestrian_curb,risk_threshold,20,0.568,-0.0021,1.0,0.844,1.0,0,0.0,RISK_THRESHOLD,1
pedestrian_curb,ttc_only,20,0.568,-0.0021,1.0,0.844,1.0,0,0.0,TTC_COMMIT,1
pedestrian_curb,greedy,21,0.6,0.0,1.0,1.0,1.0,0,0.0,GREEDY_COMMIT,0
pedestrian_curb,hesitation,21,0.7513,0.5242,1.0,0.7084,1.0,0,1900.0,EARNED_COMMIT,2
pedestrian_curb,fixed_delay,21,0.4301,-0.2502,1.0,0.6509,1.0,0,2000.0,FIXED_DELAY,1
pedestrian_curb,random_delay,21,0.5954,0.0663,1.0,0.8445,1.0,0,168.4,RANDOM_DELAY,1
pedestrian_curb,risk_threshold,21,0.5778,0.0226,1.0,0.8441,1.0,0,0.0,RISK_THRESHOLD,1
pedestrian_curb,ttc_only,21,0.5778,0.0226,1.0,0.8441,1.0,0,0.0,TTC_COMMIT,1
pedestrian_curb,greedy,22,0.6,0.0,1.0,1.0,1.0,0,0.0,GREEDY_COMMIT,0
pedestrian_curb,hesitation,22,0.7436,0.5071,1.0,0.7037,1.0,0,1900.0,EARNED_COMMIT,2
pedestrian_curb,fixed_delay,22,0.4362,-0.2363,1.0,0.6536,1.0,0,2000.0,FIXED_DELAY,1
pedestrian_curb,random_delay,22,0.351,-0.5294,1.0,0.8139,1.0,0,1339.6,RANDOM_DELAY,1
pedestrian_curb,risk_threshold,22,0.5787,0.0247,1.0,0.8441,1.0,0,0.0,RISK_THRESHOLD,1
pedestrian_curb,ttc_only,22,0.5787,0.0247,1.0,0.8441,1.0,0,0.0,TTC_COMMIT,1
pedestrian_curb,greedy,23,0.6,0.0,1.0,1.0,1.0,0,0.0,GREEDY_COMMIT,0
pedestrian_curb,hesitation,23,0.745,0.5092,1.0,0.7065,1.0,0,1900.0,EARNED_COMMIT,2
pedestrian_curb,fixed_delay,23,0.4307,-0.2533,1.0,0.6602,1.0,0,2000.0,FIXED_DELAY,1
pedestrian_curb,random_delay,23,0.5659,0.1061,1.0,0.6171,1.0,0,3733.0,RANDOM_DELAY,1
pedestrian_curb,risk_threshold,23,0.5816,0.0324,1.0,0.8433,1.0,0,0.0,RISK_THRESHOLD,1
pedestrian_curb,ttc_only,23,0.5816,0.0324,1.0,0.8433,1.0,0,0.0,TTC_COMMIT,1
pedestrian_curb,greedy,24,0.6,0.0,1.0,1.0,1.0,0,0.0,GREEDY_COMMIT,0
pedestrian_curb,hesitation,24,0.7567,0.5364,1.0,0.7105,1.0,0,1900.0,EARNED_COMMIT,2
pedestrian_curb,fixed_delay,24,0.4369,-0.2349,1.0,0.6544,1.0,0,2000.0,FIXED_DELAY,1
pedestrian_curb,random_delay,24,0.3664,-0.492,1.0,0.8158,1.0,0,1278.7,RANDOM_DELAY,1
pedestrian_curb,risk_threshold,24,0.5766,0.0195,1.0,0.8442,1.0,0,0.0,RISK_THRESHOLD,1
pedestrian_curb,ttc_only,24,0.5766,0.0195,1.0,0.8442,1.0,0,0.0,TTC_COMMIT,1
pedestrian_curb,greedy,25,0.6,0.0,1.0,1.0,1.0,0,0.0,GREEDY_COMMIT,0
pedestrian_curb,hesitation,25,0.7442,0.5098,1.0,0.7015,1.0,0,1900.0,EARNED_COMMIT,2
pedestrian_curb,fixed_delay,25,0.436,-0.2396,1.0,0.6592,1.0,0,2000.0,FIXED_DELAY,1
pedestrian_curb,random_delay,25,0.5041,-0.0476,1.0,0.6157,1.0,0,2234.2,RANDOM_DELAY,1
pedestrian_curb,risk_threshold,25,0.5714,0.0065,1.0,0.8438,1.0,0,0.0,RISK_THRESHOLD,1
pedestrian_curb,ttc_only,25,0.5714,0.0065,1.0,0.8438,1.0,0,0.0,TTC_COMMIT,1
pedestrian_curb,greedy,26,0.6,0.0,1.0,1.0,1.0,0,0.0,GREEDY_COMMIT,0
pedestrian_curb,hesitation,26,0.7459,0.5183,1.0,0.6931,1.0,0,1933.3,EARNED_COMMIT,2
pedestrian_curb,fixed_delay,26,0.4375,-0.2343,1.0,0.6563,1.0,0,2000.0,FIXED_DELAY,1
pedestrian_curb,random_delay,26,0.455,-0.282,1.0,0.839,1.0,0,1027.2,RANDOM_DELAY,1
pedestrian_curb,risk_threshold,26,0.5743,0.0135,1.0,0.8442,1.0,0,0.0,RISK_THRESHOLD,1
pedestrian_curb,ttc_only,26,0.5743,0.0135,1.0,0.8442,1.0,0,0.0,TTC_COMMIT,1
pedestrian_curb,greedy,27,0.6,0.0,1.0,1.0,1.0,0,0.0,GREEDY_COMMIT,0
pedestrian_curb,hesitation,27,0.7455,0.5103,1.0,0.7071,1.0,0,1900.0,EARNED_COMMIT,2
pedestrian_curb,fixed_delay,27,0.43,-0.2525,1.0,0.6552,1.0,0,2000.0,FIXED_DELAY,1
pedestrian_curb,random_delay,27,0.3575,-0.4595,1.0,0.7064,1.0,0,1759.8,RANDOM_DELAY,1
pedestrian_curb,risk_threshold,27,0.5817,0.0322,1.0,0.8442,1.0,0,0.0,RISK_THRESHOLD,1
pedestrian_curb,ttc_only,27,0.5817,0.0322,1.0,0.8442,1.0,0,0.0,TTC_COMMIT,1
pedestrian_curb,greedy,28,0.6,0.0,1.0,1.0,1.0,0,0.0,GREEDY_COMMIT,0
pedestrian_curb,hesitation,28,0.7553,0.5377,1.0,0.7012,1.0,0,1900.0,EARNED_COMMIT,2
pedestrian_curb,fixed_delay,28,0.4351,-0.2423,1.0,0.6603,1.0,0,2000.0,FIXED_DELAY,1
pedestrian_curb,random_delay,28,0.3418,-0.5109,1.0,0.731,1.0,0,1662.2,RANDOM_DELAY,1
pedestrian_curb,risk_threshold,28,0.5725,0.009,1.0,0.8443,1.0,0,0.0,RISK_THRESHOLD,1
pedestrian_curb,ttc_only,28,0.5725,0.009,1.0,0.8443,1.0,0,0.0,TTC_COMMIT,1
pedestrian_curb,greedy,29,0.6,0.0,1.0,1.0,1.0,0,0.0,GREEDY_COMMIT,0
pedestrian_curb,hesitation,29,0.7383,0.4993,1.0,0.6926,1.0,0,1933.3,EARNED_COMMIT,2
pedestrian_curb,fixed_delay,29,0.4302,-0.2519,1.0,0.6549,1.0,0,2000.0,FIXED_DELAY,1
pedestrian_curb,random_delay,29,0.5503,0.0746,1.0,0.6024,1.0,0,3260.1,RANDOM_DELAY,1
pedestrian_curb,risk_threshold,29,0.5777,0.0222,1.0,0.8439,1.0,0,0.0,RISK_THRESHOLD,1
pedestrian_curb,ttc_only,29,0.5777,0.0222,1.0,0.8439,1.0,0,0.0,TTC_COMMIT,1
merge_hesitation,greedy,0,0.6,0.0,1.0,1.0,1.0,0,0.0,GREEDY_COMMIT,0
merge_hesitation,hesitation,0,0.6045,0.1867,1.0,0.649,1.0,0,266.7,EARNED_COMMIT,2
merge_hesitation,fixed_delay,0,0.3765,-0.4182,1.0,0.7192,1.0,0,2000.0,FIXED_DELAY,1
merge_hesitation,random_delay,0,0.2134,-0.6888,1.0,0.4445,1.0,0,3234.2,RANDOM_DELAY,1
merge_hesitation,risk_threshold,0,0.5694,0.0015,1.0,0.8441,1.0,0,0.0,RISK_THRESHOLD,1
merge_hesitation,ttc_only,0,0.5694,0.0015,1.0,0.8441,1.0,0,0.0,TTC_COMMIT,1
merge_hesitation,greedy,1,0.6,0.0,1.0,1.0,1.0,0,0.0,GREEDY_COMMIT,0
merge_hesitation,hesitation,1,0.6221,0.2323,1.0,0.646,1.0,0,266.7,EARNED_COMMIT,2
merge_hesitation,fixed_delay,1,0.3757,-0.4234,1.0,0.7251,1.0,0,2000.0,FIXED_DELAY,1
merge_hesitation,random_delay,1,0.2252,-0.6593,1.0,0.4445,1.0,0,2700.2,RANDOM_DELAY,1
merge_hesitation,risk_threshold,1,0.572,0.008,1.0,0.844,1.0,0,0.0,RISK_THRESHOLD,1
merge_hesitation,ttc_only,1,0.572,0.008,1.0,0.844,1.0,0,0.0,TTC_COMMIT,1
merge_hesitation,greedy,2,0.6,0.0,1.0,1.0,1.0,0,0.0,GREEDY_COMMIT,0
merge_hesitation,hesitation,2,0.6089,0.1956,1.0,0.6532,1.0,0,233.3,EARNED_COMMIT,2
merge_hesitation,fixed_delay,2,0.3825,-0.407,1.0,0.7263,1.0,0,2000.0,FIXED_DELAY,1
merge_hesitation,random_delay,2,0.2198,-0.6728,1.0,0.4445,1.0,0,3552.8,RANDOM_DELAY,1
merge_hesitation,risk_threshold,2,0.5668,-0.005,1.0,0.844,1.0,0,0.0,RISK_THRESHOLD,1
merge_hesitation,ttc_only,2,0.5668,-0.005,1.0,0.844,1.0,0,0.0,TTC_COMMIT,1
merge_hesitation,greedy,3,0.6,0.0,1.0,1.0,1.0,0,0.0,GREEDY_COMMIT,0
merge_hesitation,hesitation,3,0.6104,0.2042,1.0,0.6438,1.0,0,266.7,EARNED_COMMIT,2
merge_hesitation,fixed_delay,3,0.3718,-0.4315,1.0,0.722,1.0,0,2000.0,FIXED_DELAY,1
merge_hesitation,random_delay,3,0.3509,-0.4615,1.0,0.6777,1.0,0,2063.1,RANDOM_DELAY,1
merge_hesitation,risk_threshold,3,0.564,-0.0118,1.0,0.8437,1.0,0,0.0,RISK_THRESHOLD,1
merge_hesitation,ttc_only,3,0.564,-0.0118,1.0,0.8437,1.0,0,0.0,TTC_COMMIT,1
merge_hesitation,greedy,4,0.6,0.0,1.0,1.0,1.0,0,0.0,GREEDY_COMMIT,0
merge_hesitation,hesitation,4,0.6005,0.1725,1.0,0.6577,1.0,0,200.0,EARNED_COMMIT,2
merge_hesitation,fixed_delay,4,0.3653,-0.446,1.0,0.7184,1.0,0,2000.0,FIXED_DELAY,1
merge_hesitation,random_delay,4,0.5708,0.0049,1.0,0.8441,1.0,0,1272.7,RANDOM_DELAY,1
merge_hesitation,risk_threshold,4,0.5652,-0.009,1.0,0.8438,1.0,0,0.0,RISK_THRESHOLD,1
merge_hesitation,ttc_only,4,0.5652,-0.009,1.0,0.8438,1.0,0,0.0,TTC_COMMIT,1
merge_hesitation,greedy,5,0.6,0.0,1.0,1.0,1.0,0,0.0,GREEDY_COMMIT,0
merge_hesitation,hesitation,5,0.6058,0.1848,1.0,0.6592,1.0,0,233.3,EARNED_COMMIT,2
merge_hesitation,fixed_delay,5,0.3818,-0.4071,1.0,0.723,1.0,0,2000.0,FIXED_DELAY,1
merge_hesitation,random_delay,5,0.4376,-0.3017,1.0,0.7914,1.0,0,1848.5,RANDOM_DELAY,1
merge_hesitation,risk_threshold,5,0.5724,0.0091,1.0,0.8438,1.0,0,0.0,RISK_THRESHOLD,1
merge_hesitation,ttc_only,5,0.5724,0.0091,1.0,0.8438,1.0,0,0.0,TTC_COMMIT,1
merge_hesitation,greedy,6,0.6,0.0,1.0,1.0,1.0,0,0.0,GREEDY_COMMIT,0
merge_hesitation,hesitation,6,0.6226,0.2295,1.0,0.6538,1.0,0,266.7,EARNED_COMMIT,2
merge_hesitation,fixed_delay,6,0.3765,-0.4186,1.0,0.7197,1.0,0,2000.0,FIXED_DELAY,1
merge_hesitation,random_delay,6,0.4303,-0.321,1.0,0.7935,1.0,0,1856.3,RANDOM_DELAY,1
merge_hesitation,risk_threshold,6,0.5633,-0.0139,1.0,0.8443,1.0,0,0.0,RISK_THRESHOLD,1
merge_hesitation,ttc_only,6,0.5633,-0.0139,1.0,0.8443,1.0,0,0.0,TTC_COMMIT,1
merge_hesitation,greedy,7,0.6,0.0,1.0,1.0,1.0,0,0.0,GREEDY_COMMIT,0
merge_hesitation,hesitation,7,0.5857,0.1467,1.0,0.635,1.0,0,266.7,EARNED_COMMIT,2
merge_hesitation,fixed_delay,7,0.3728,-0.4263,1.0,0.7166,1.0,0,2000.0,FIXED_DELAY,1
merge_hesitation,random_delay,7,0.2168,-0.6802,1.0,0.4445,1.0,0,3568.8,RANDOM_DELAY,1
merge_hesitation,risk_threshold,7,0.5721,0.0081,1.0,0.8443,1.0,0,0.0,RISK_THRESHOLD,1
merge_hesitation,ttc_only,7,0.5721,0.0081,1.0,0.8443,1.0,0,0.0,TTC_COMMIT,1
merge_hesitation,greedy,8,0.6,0.0,1.0,1.0,1.0,0,0.0,GREEDY_COMMIT,0
merge_hesitation,hesitation,8,0.6032,0.1819,1.0,0.6521,1.0,0,233.3,EARNED_COMMIT,2
merge_hesitation,fixed_delay,8,0.3758,-0.4193,1.0,0.7175,1.0,0,2000.0,FIXED_DELAY,1
merge_hesitation,random_delay,8,0.5697,0.0022,1.0,0.8441,1.0,0,117.0,RANDOM_DELAY,1
merge_hesitation,risk_threshold,8,0.5713,0.0061,1.0,0.8442,1.0,0,0.0,RISK_THRESHOLD,1
merge_hesitation,ttc_only,8,0.5713,0.0061,1.0,0.8442,1.0,0,0.0,TTC_COMMIT,1
merge_hesitation,greedy,9,0.6,0.0,1.0,1.0,1.0,0,0.0,GREEDY_COMMIT,0
merge_hesitation,hesitation,9,0.5946,0.1627,1.0,0.6475,1.0,0,233.3,EARNED_COMMIT,2
merge_hesitation,fixed_delay,9,0.3669,-0.4411,1.0,0.7168,1.0,0,2000.0,FIXED_DELAY,1
merge_hesitation,random_delay,9,0.5695,0.0016,1.0,0.8445,1.0,0,27.9,RANDOM_DELAY,1
merge_hesitation,risk_threshold,9,0.5662,-0.0065,1.0,0.8442,1.0,0,0.0,RISK_THRESHOLD,1
merge_hesitation,ttc_only,9,0.5662,-0.0065,1.0,0.8442,1.0,0,0.0,TTC_COMMIT,1
merge_hesitation,greedy,10,0.6,0.0,1.0,1.0,1.0,0,0.0,GREEDY_COMMIT,0
merge_hesitation,hesitation,10,0.6018,0.1759,1.0,0.657,1.0,0,266.7,EARNED_COMMIT,2
merge_hesitation,fixed_delay,10,0.3928,-0.3775,1.0,0.7189,1.0,0,2000.0,FIXED_DELAY,1
merge_hesitation,random_delay,10,0.5691,0.001,1.0,0.8438,1.0,0,563.0,RANDOM_DELAY,1
merge_hesitation,risk_threshold,10,0.5691,0.001,1.0,0.8438,1.0,0,0.0,RISK_THRESHOLD,1
merge_hesitation,ttc_only,10,0.5691,0.001,1.0,0.8438,1.0,0,0.0,TTC_COMMIT,1
merge_hesitation,greedy,11,0.6,0.0,1.0,1.0,1.0,0,0.0,GREEDY_COMMIT,0
merge_hesitation,hesitation,11,0.6098,0.1981,1.0,0.6528,1.0,0,266.7,EARNED_COMMIT,2
merge_hesitation,fixed_delay,11,0.3817,-0.4045,1.0,0.7175,1.0,0,2000.0,FIXED_DELAY,1
merge_hesitation,random_delay,11,0.231,-0.6511,1.0,0.4573,1.0,0,2664.8,RANDOM_DELAY,1
merge_hesitation,risk_threshold,11,0.5634,-0.0136,1.0,0.8441,1.0,0,0.0,RISK_THRESHOLD,1
merge_hesitation,ttc_only,11,0.5634,-0.0136,1.0,0.8441,1.0,0,0.0,TTC_COMMIT,1
merge_hesitation,greedy,12,0.6,0.0,1.0,1.0,1.0,0,0.0,GREEDY_COMMIT,0
merge_hesitation,hesitation,12,0.6045,0.1849,1.0,0.6524,1.0,0,233.3,EARNED_COMMIT,2
merge_hesitation,fixed_delay,12,0.3668,-0.4418,1.0,0.7174,1.0,0,2000.0,FIXED_DELAY,1
merge_hesitation,random_delay,12,0.4365,-0.3056,1.0,0.7937,1.0,0,1857.1,RANDOM_DELAY,1
merge_hesitation,risk_threshold,12,0.5654,-0.0087,1.0,0.8442,1.0,0,0.0,RISK_THRESHOLD,1
merge_hesitation,ttc_only,12,0.5654,-0.0087,1.0,0.8442,1.0,0,0.0,TTC_COMMIT,1
merge_hesitation,greedy,13,0.6,0.0,1.0,1.0,1.0,0,0.0,GREEDY_COMMIT,0
merge_hesitation,hesitation,13,0.6056,0.1903,1.0,0.6476,1.0,0,233.3,EARNED_COMMIT,2
merge_hesitation,fixed_delay,13,0.3729,-0.4261,1.0,0.7166,1.0,0,2000.0,FIXED_DELAY,1
merge_hesitation,random_delay,13,0.5724,0.0091,1.0,0.8439,1.0,0,351.2,RANDOM_DELAY,1
merge_hesitation,risk_threshold,13,0.5724,0.0091,1.0,0.8441,1.0,0,0.0,RISK_THRESHOLD,1
merge_hesitation,ttc_only,13,0.5724,0.0091,1.0,0.8441,1.0,0,0.0,TTC_COMMIT,1
merge_hesitation,greedy,14,0.6,0.0,1.0,1.0,1.0,0,0.0,GREEDY_COMMIT,0
merge_hesitation,hesitation,14,0.6073,0.1968,1.0,0.6427,1.0,0,233.3,EARNED_COMMIT,2
merge_hesitation,fixed_delay,14,0.3676,-0.4379,1.0,0.7137,1.0,0,2000.0,FIXED_DELAY,1
merge_hesitation,random_delay,14,0.231,-0.6875,1.0,0.53,1.0,0,2341.5,RANDOM_DELAY,1
merge_hesitation,risk_threshold,14,0.566,-0.0071,1.0,0.844,1.0,0,0.0,RISK_THRESHOLD,1
merge_hesitation,ttc_only,14,0.566,-0.0071,1.0,0.844,1.0,0,0.0,TTC_COMMIT,1
merge_hesitation,greedy,15,0.6,0.0,1.0,1.0,1.0,0,0.0,GREEDY_COMMIT,0
merge_hesitation,hesitation,15,0.6213,0.2281,1.0,0.6504,1.0,0,266.7,EARNED_COMMIT,2
merge_hesitation,fixed_delay,15,0.3727,-0.4282,1.0,0.7201,1.0,0,2000.0,FIXED_DELAY,1
merge_hesitation,random_delay,15,0.2196,-0.6733,1.0,0.4445,1.0,0,3003.3,RANDOM_DELAY,1
merge_hesitation,risk_threshold,15,0.5713,0.0061,1.0,0.8442,1.0,0,0.0,RISK_THRESHOLD,1
merge_hesitation,ttc_only,15,0.5713,0.0061,1.0,0.8442,1.0,0,0.0,TTC_COMMIT,1
merge_hesitation,greedy,16,0.6,0.0,1.0,1.0,1.0,0,0.0,GREEDY_COMMIT,0
merge_hesitation,hesitation,16,0.6057,0.1911,1.0,0.6464,1.0,0,233.3,EARNED_COMMIT,2
merge_hesitation,fixed_delay,16,0.3728,-0.4273,1.0,0.7185,1.0,0,2000.0,FIXED_DELAY,1
merge_hesitation,random_delay,16,0.5642,-0.0114,1.0,0.844,1.0,0,897.4,RANDOM_DELAY,1
merge_hesitation,risk_threshold,16,0.5702,0.0034,1.0,0.8443,1.0,0,0.0,RISK_THRESHOLD,1
merge_hesitation,ttc_only,16,0.5702,0.0034,1.0,0.8443,1.0,0,0.0,TTC_COMMIT,1
merge_hesitation,greedy,17,0.6,0.0,1.0,1.0,1.0,0,0.0,GREEDY_COMMIT,0
merge_hesitation,hesitation,17,0.6122,0.2058,1.0,0.6496,1.0,0,266.7,EARNED_COMMIT,2
merge_hesitation,fixed_delay,17,0.3829,-0.4057,1.0,0.7256,1.0,0,2000.0,FIXED_DELAY,1
merge_hesitation,random_delay,17,0.2465,-0.6512,1.0,0.535,1.0,0,2334.0,RANDOM_DELAY,1
merge_hesitation,risk_threshold,17,0.5688,-0.0001,1.0,0.8443,1.0,0,0.0,RISK_THRESHOLD,1
merge_hesitation,ttc_only,17,0.5688,-0.0001,1.0,0.8443,1.0,0,0.0,TTC_COMMIT,1
merge_hesitation,greedy,18,0.6,0.0,1.0,1.0,1.0,0,0.0,GREEDY_COMMIT,0
merge_hesitation,hesitation,18,0.606,0.1881,1.0,0.6536,1.0,0,233.3,EARNED_COMMIT,2
merge_hesitation,fixed_delay,18,0.3684,-0.4374,1.0,0.7167,1.0,0,2000.0,FIXED_DELAY,1
merge_hesitation,random_delay,18,0.5689,0.0004,1.0,0.8439,1.0,0,627.4,RANDOM_DELAY,1
merge_hesitation,risk_threshold,18,0.5689,0.0004,1.0,0.844,1.0,0,0.0,RISK_THRESHOLD,1
merge_hesitation,ttc_only,18,0.5689,0.0004,1.0,0.844,1.0,0,0.0,TTC_COMMIT,1
merge_hesitation,greedy,19,0.6,0.0,1.0,1.0,1.0,0,0.0,GREEDY_COMMIT,0
merge_hesitation,hesitation,19,0.6147,0.2105,1.0,0.6527,1.0,0,300.0,EARNED_COMMIT,2
merge_hesitation,fixed_delay,19,0.3807,-0.4097,1.0,0.7228,1.0,0,2000.0,FIXED_DELAY,1
merge_hesitation,random_delay,19,0.2266,-0.6556,1.0,0.4445,1.0,0,3923.4,RANDOM_DELAY,1
merge_hesitation,risk_threshold,19,0.5741,0.0134,1.0,0.8438,1.0,0,0.0,RISK_THRESHOLD,1
merge_hesitation,ttc_only,19,0.5741,0.0134,1.0,0.8438,1.0,0,0.0,TTC_COMMIT,1
merge_hesitation,greedy,20,0.6,0.0,1.0,1.0,1.0,0,0.0,GREEDY_COMMIT,0
merge_hesitation,hesitation,20,0.609,0.2,1.0,0.6451,1.0,0,233.3,EARNED_COMMIT,2
merge_hesitation,fixed_delay,20,0.3775,-0.4155,1.0,0.7184,1.0,0,2000.0,FIXED_DELAY,1
merge_hesitation,random_delay,20,0.5718,0.0076,1.0,0.8441,1.0,0,1240.9,RANDOM_DELAY,1
merge_hesitation,risk_threshold,20,0.5718,0.0076,1.0,0.8439,1.0,0,0.0,RISK_THRESHOLD,1
merge_hesitation,ttc_only,20,0.5718,0.0076,1.0,0.8439,1.0,0,0.0,TTC_COMMIT,1
merge_hesitation,greedy,21,0.6,0.0,1.0,1.0,1.0,0,0.0,GREEDY_COMMIT,0
merge_hesitation,hesitation,21,0.6048,0.1841,1.0,0.656,1.0,0,233.3,EARNED_COMMIT,2
merge_hesitation,fixed_delay,21,0.3859,-0.3956,1.0,0.7208,1.0,0,2000.0,FIXED_DELAY,1
merge_hesitation,random_delay,21,0.5734,0.0113,1.0,0.8442,1.0,0,475.2,RANDOM_DELAY,1
merge_hesitation,risk_threshold,21,0.5662,-0.0065,1.0,0.8442,1.0,0,0.0,RISK_THRESHOLD,1
merge_hesitation,ttc_only,21,0.5662,-0.0065,1.0,0.8442,1.0,0,0.0,TTC_COMMIT,1
merge_hesitation,greedy,22,0.6,0.0,1.0,1.0,1.0,0,0.0,GREEDY_COMMIT,0
merge_hesitation,hesitation,22,0.6041,0.1827,1.0,0.655,1.0,0,233.3,EARNED_COMMIT,2
merge_hesitation,fixed_delay,22,0.3848,-0.3991,1.0,0.722,1.0,0,2000.0,FIXED_DELAY,1
merge_hesitation,random_delay,22,0.2615,-0.633,1.0,0.5734,1.0,0,2244.1,RANDOM_DELAY,1
merge_hesitation,risk_threshold,22,0.5636,-0.0132,1.0,0.8444,1.0,0,0.0,RISK_THRESHOLD,1
merge_hesitation,ttc_only,22,0.5636,-0.0132,1.0,0.8444,1.0,0,0.0,TTC_COMMIT,1
merge_hesitation,greedy,23,0.6,0.0,1.0,1.0,1.0,0,0.0,GREEDY_COMMIT,0
merge_hesitation,hesitation,23,0.6225,0.2337,1.0,0.6454,1.0,0,266.7,EARNED_COMMIT,2
merge_hesitation,fixed_delay,23,0.3652,-0.4479,1.0,0.722,1.0,0,2000.0,FIXED_DELAY,1
merge_hesitation,random_delay,23,0.2149,-0.6851,1.0,0.4445,1.0,0,3885.8,RANDOM_DELAY,1
merge_hesitation,risk_threshold,23,0.5692,0.0009,1.0,0.844,1.0,0,0.0,RISK_THRESHOLD,1
merge_hesitation,ttc_only,23,0.5692,0.0009,1.0,0.844,1.0,0,0.0,TTC_COMMIT,1
merge_hesitation,greedy,24,0.6,0.0,1.0,1.0,1.0,0,0.0,GREEDY_COMMIT,0
merge_hesitation,hesitation,24,0.5966,0.1642,1.0,0.6546,1.0,0,233.3,EARNED_COMMIT,2
merge_hesitation,fixed_delay,24,0.3713,-0.4331,1.0,0.7227,1.0,0,2000.0,FIXED_DELAY,1
merge_hesitation,random_delay,24,0.5706,0.0046,1.0,0.844,1.0,0,848.5,RANDOM_DELAY,1
merge_hesitation,risk_threshold,24,0.5708,0.005,1.0,0.8441,1.0,0,0.0,RISK_THRESHOLD,1
merge_hesitation,ttc_only,24,0.5708,0.005,1.0,0.8441,1.0,0,0.0,TTC_COMMIT,1
merge_hesitation,greedy,25,0.6,0.0,1.0,1.0,1.0,0,0.0,GREEDY_COMMIT,0
merge_hesitation,hesitation,25,0.5934,0.1548,1.0,0.6574,1.0,0,233.3,EARNED_COMMIT,2
merge_hesitation,fixed_delay,25,0.3886,-0.3896,1.0,0.722,1.0,0,2000.0,FIXED_DELAY,1
merge_hesitation,random_delay,25,0.5741,0.0132,1.0,0.8439,1.0,0,1064.5,RANDOM_DELAY,1
merge_hesitation,risk_threshold,25,0.5648,-0.0101,1.0,0.8442,1.0,0,0.0,RISK_THRESHOLD,1
merge_hesitation,ttc_only,25,0.5648,-0.0101,1.0,0.8442,1.0,0,0.0,TTC_COMMIT,1
merge_hesitation,greedy,26,0.6,0.0,1.0,1.0,1.0,0,0.0,GREEDY_COMMIT,0
merge_hesitation,hesitation,26,0.5813,0.1274,1.0,0.6518,1.0,0,233.3,EARNED_COMMIT,2
merge_hesitation,fixed_delay,26,0.3801,-0.4082,1.0,0.7169,1.0,0,2000.0,FIXED_DELAY,1
merge_hesitation,random_delay,26,0.5736,0.0119,1.0,0.8441,1.0,0,463.6,RANDOM_DELAY,1
merge_hesitation,risk_threshold,26,0.5668,-0.0049,1.0,0.844,1.0,0,0.0,RISK_THRESHOLD,1
merge_hesitation,ttc_only,26,0.5668,-0.0049,1.0,0.844,1.0,0,0.0,TTC_COMMIT,1
merge_hesitation,greedy,27,0.6,0.0,1.0,1.0,1.0,0,0.0,GREEDY_COMMIT,0
merge_hesitation,hesitation,27,0.5923,0.154,1.0,0.6536,1.0,0,166.7,EARNED_COMMIT,2
merge_hesitation,fixed_delay,27,0.3732,-0.4277,1.0,0.7213,1.0,0,2000.0,FIXED_DELAY,1
merge_hesitation,random_delay,27,0.2189,-0.675,1.0,0.4445,1.0,0,3972.9,RANDOM_DELAY,1
merge_hesitation,risk_threshold,27,0.5691,0.0006,1.0,0.8444,1.0,0,0.0,RISK_THRESHOLD,1
merge_hesitation,ttc_only,27,0.5691,0.0006,1.0,0.8444,1.0,0,0.0,TTC_COMMIT,1
merge_hesitation,greedy,28,0.6,0.0,1.0,1.0,1.0,0,0.0,GREEDY_COMMIT,0
merge_hesitation,hesitation,28,0.6095,0.1992,1.0,0.6491,1.0,0,266.7,EARNED_COMMIT,2
merge_hesitation,fixed_delay,28,0.3829,-0.4046,1.0,0.7239,1.0,0,2000.0,FIXED_DELAY,1
merge_hesitation,random_delay,28,0.238,-0.6763,1.0,0.5428,1.0,0,2308.8,RANDOM_DELAY,1
merge_hesitation,risk_threshold,28,0.5718,0.0074,1.0,0.8443,1.0,0,0.0,RISK_THRESHOLD,1
merge_hesitation,ttc_only,28,0.5718,0.0074,1.0,0.8443,1.0,0,0.0,TTC_COMMIT,1
merge_hesitation,greedy,29,0.6,0.0,1.0,1.0,1.0,0,0.0,GREEDY_COMMIT,0
merge_hesitation,hesitation,29,0.6297,0.2464,1.0,0.6556,1.0,0,233.3,EARNED_COMMIT,2
merge_hesitation,fixed_delay,29,0.3839,-0.3995,1.0,0.7186,1.0,0,2000.0,FIXED_DELAY,1
merge_hesitation,random_delay,29,0.559,-0.0243,1.0,0.8437,1.0,0,1514.1,RANDOM_DELAY,1
merge_hesitation,risk_threshold,29,0.5662,-0.0061,1.0,0.8433,1.0,0,0.0,RISK_THRESHOLD,1
merge_hesitation,ttc_only,29,0.5662,-0.0061,1.0,0.8433,1.0,0,0.0,TTC_COMMIT,1
occluded_intersection,greedy,0,0.6,0.0,1.0,1.0,1.0,0,0.0,GREEDY_COMMIT,0
occluded_intersection,hesitation,0,0.6651,0.3555,1.0,0.6143,1.0,0,833.3,EARNED_COMMIT,2
occluded_intersection,fixed_delay,0,0.5493,-0.0323,1.0,0.811,1.0,0,2000.0,FIXED_DELAY,1
occluded_intersection,random_delay,0,0.5286,-0.0829,1.0,0.8089,1.0,0,1684.1,RANDOM_DELAY,1
occluded_intersection,risk_threshold,0,0.6299,0.165,1.0,0.8194,1.0,0,0.0,RISK_THRESHOLD,1
occluded_intersection,ttc_only,0,0.7286,0.4216,1.0,0.7997,1.0,0,0.0,TTC_COMMIT,1
occluded_intersection,greedy,1,0.6,0.0,1.0,1.0,1.0,0,0.0,GREEDY_COMMIT,0
occluded_intersection,hesitation,1,0.6877,0.4169,1.0,0.6048,1.0,0,800.0,EARNED_COMMIT,2
occluded_intersection,fixed_delay,1,0.5473,-0.0364,1.0,0.8095,1.0,0,2000.0,FIXED_DELAY,1
occluded_intersection,random_delay,1,0.546,-0.0394,1.0,0.809,1.0,0,1944.3,RANDOM_DELAY,1
occluded_intersection,risk_threshold,1,0.607,0.109,1.0,0.8171,1.0,0,0.0,RISK_THRESHOLD,1
occluded_intersection,ttc_only,1,0.7069,0.3656,1.0,0.8032,1.0,0,0.0,TTC_COMMIT,1
occluded_intersection,greedy,2,0.6,0.0,1.0,1.0,1.0,0,0.0,GREEDY_COMMIT,0
occluded_intersection,hesitation,2,0.6752,0.387,1.0,0.6021,1.0,0,800.0,EARNED_COMMIT,2
occluded_intersection,fixed_delay,2,0.5433,-0.0475,1.0,0.8113,1.0,0,2000.0,FIXED_DELAY,1
occluded_intersection,random_delay,2,0.5805,0.0442,1.0,0.814,1.0,0,2489.0,RANDOM_DELAY,1
occluded_intersection,risk_threshold,2,0.6197,0.1389,1.0,0.8207,1.0,0,0.0,RISK_THRESHOLD,1
occluded_intersection,ttc_only,2,0.7229,0.4032,1.0,0.8081,1.0,0,0.0,TTC_COMMIT,1
occluded_intersection,greedy,3,0.6,0.0,1.0,1.0,1.0,0,0.0,GREEDY_COMMIT,0
occluded_intersection,hesitation,3,0.6608,0.3551,1.0,0.5939,1.0,0,700.0,EARNED_COMMIT,2
occluded_intersection,fixed_delay,3,0.5524,-0.0238,1.0,0.8096,1.0,0,2000.0,FIXED_DELAY,1
occluded_intersection,random_delay,3,0.5721,0.0231,1.0,0.8146,1.0,0,2666.0,RANDOM_DELAY,1
occluded_intersection,risk_threshold,3,0.6226,0.1464,1.0,0.8201,1.0,0,0.0,RISK_THRESHOLD,1
occluded_intersection,ttc_only,3,0.7232,0.4062,1.0,0.8038,1.0,0,0.0,TTC_COMMIT,1
occluded_intersection,greedy,4,0.6,0.0,1.0,1.0,1.0,0,0.0,GREEDY_COMMIT,0
occluded_intersection,hesitation,4,0.6401,0.2996,1.0,0.6011,1.0,0,766.7,EARNED_COMMIT,2
occluded_intersection,fixed_delay,4,0.5316,-0.0752,1.0,0.8084,1.0,0,2000.0,FIXED_DELAY,1
occluded_intersection,random_delay,4,0.5604,-0.0075,1.0,0.8169,1.0,0,3489.0,RANDOM_DELAY,1
occluded_intersection,risk_threshold,4,0.6141,0.1258,1.0,0.8191,1.0,0,0.0,RISK_THRESHOLD,1
occluded_intersection,ttc_only,4,0.7214,0.4,1.0,0.8068,1.0,0,0.0,TTC_COMMIT,1
occluded_intersection,greedy,5,0.6,0.0,1.0,1.0,1.0,0,0.0,GREEDY_COMMIT,0
occluded_intersection,hesitation,5,0.6409,0.2992,1.0,0.6061,1.0,0,666.7,EARNED_COMMIT,2
occluded_intersection,fixed_delay,5,0.5519,-0.024,1.0,0.8075,1.0,0,2000.0,FIXED_DELAY,1
occluded_intersection,random_delay,5,0.562,0.0005,1.0,0.8091,1.0,0,2127.2,RANDOM_DELAY,1
occluded_intersection,risk_threshold,5,0.6193,0.1405,1.0,0.8158,1.0,0,0.0,RISK_THRESHOLD,1
occluded_intersection,ttc_only,5,0.7071,0.365,1.0,0.8054,1.0,0,0.0,TTC_COMMIT,1
occluded_intersection,greedy,6,0.6,0.0,1.0,1.0,1.0,0,0.0,GREEDY_COMMIT,0
occluded_intersection,hesitation,6,0.6557,0.342,1.0,0.5946,1.0,0,733.3,EARNED_COMMIT,2
occluded_intersection,fixed_delay,6,0.5636,0.004,1.0,0.8099,1.0,0,2000.0,FIXED_DELAY,1
occluded_intersection,random_delay,6,0.5812,0.0449,1.0,0.8162,1.0,0,2952.0,RANDOM_DELAY,1
occluded_intersection,risk_threshold,6,0.6241,0.1506,1.0,0.8194,1.0,0,0.0,RISK_THRESHOLD,1
occluded_intersection,ttc_only,6,0.7218,0.4031,1.0,0.803,1.0,0,0.0,TTC_COMMIT,1
occluded_intersection,greedy,7,0.6,0.0,1.0,1.0,1.0,0,0.0,GREEDY_COMMIT,0
occluded_intersection,hesitation,7,0.6398,0.303,1.0,0.5929,1.0,0,700.0,EARNED_COMMIT,2
occluded_intersection,fixed_delay,7,0.5474,-0.0357,1.0,0.8083,1.0,0,2000.0,FIXED_DELAY,1
occluded_intersection,random_delay,7,0.5629,-0.0144,1.0,0.8432,1.0,0,798.9,RANDOM_DELAY,1
occluded_intersection,risk_threshold,7,0.6209,0.1423,1.0,0.82,1.0,0,0.0,RISK_THRESHOLD,1
occluded_intersection,ttc_only,7,0.707,0.3631,1.0,0.8088,1.0,0,0.0,TTC_COMMIT,1
occluded_intersection,greedy,8,0.6,0.0,1.0,1.0,1.0,0,0.0,GREEDY_COMMIT,0
occluded_intersection,hesitation,8,0.6534,0.3289,1.0,0.6094,1.0,0,733.3,EARNED_COMMIT,2
occluded_intersection,fixed_delay,8,0.5467,-0.0394,1.0,0.8125,1.0,0,2000.0,FIXED_DELAY,1
occluded_intersection,random_delay,8,0.5681,0.0119,1.0,0.8167,1.0,0,2950.1,RANDOM_DELAY,1
occluded_intersection,risk_threshold,8,0.6116,0.1187,1.0,0.8207,1.0,0,0.0,RISK_THRESHOLD,1
occluded_intersection,ttc_only,8,0.7039,0.3551,1.0,0.8092,1.0,0,0.0,TTC_COMMIT,1
occluded_intersection,greedy,9,0.6,0.0,1.0,1.0,1.0,0,0.0,GREEDY_COMMIT,0
occluded_intersection,hesitation,9,0.6656,0.3695,1.0,0.589,1.0,0,733.3,EARNED_COMMIT,2
occluded_intersection,fixed_delay,9,0.5431,-0.046,1.0,0.8075,1.0,0,2000.0,FIXED_DELAY,1
occluded_intersection,random_delay,9,0.56,-0.0215,1.0,0.8429,1.0,0,828.9,RANDOM_DELAY,1
occluded_intersection,risk_threshold,9,0.6132,0.1248,1.0,0.8166,1.0,0,0.0,RISK_THRESHOLD,1
occluded_intersection,ttc_only,9,0.7057,0.3618,1.0,0.8048,1.0,0,0.0,TTC_COMMIT,1
occluded_intersection,greedy,10,0.6,0.0,1.0,1.0,1.0,0,0.0,GREEDY_COMMIT,0
occluded_intersection,hesitation,10,0.6631,0.3497,1.0,0.6158,1.0,0,700.0,EARNED_COMMIT,2
occluded_intersection,fixed_delay,10,0.5433,-0.0468,1.0,0.81,1.0,0,2000.0,FIXED_DELAY,1
occluded_intersection,random_delay,10,0.5465,-0.0402,1.0,0.8127,1.0,0,2330.1,RANDOM_DELAY,1
occluded_intersection,risk_threshold,10,0.6053,0.1043,1.0,0.818,1.0,0,0.0,RISK_THRESHOLD,1
occluded_intersection,ttc_only,10,0.7022,0.3521,1.0,0.8066,1.0,0,0.0,TTC_COMMIT,1
occluded_intersection,greedy,11,0.6,0.0,1.0,1.0,1.0,0,0.0,GREEDY_COMMIT,0
occluded_intersection,hesitation,11,0.6601,0.351,1.0,0.5984,1.0,0,833.3,EARNED_COMMIT,2
occluded_intersection,fixed_delay,11,0.5458,-0.038,1.0,0.8051,1.0,0,2000.0,FIXED_DELAY,1
occluded_intersection,random_delay,11,0.5727,0.0238,1.0,0.8158,1.0,0,3514.7,RANDOM_DELAY,1
occluded_intersection,risk_threshold,11,0.6264,0.1574,1.0,0.8172,1.0,0,0.0,RISK_THRESHOLD,1
occluded_intersection,ttc_only,11,0.7192,0.3952,1.0,0.8055,1.0,0,0.0,TTC_COMMIT,1
occluded_intersection,greedy,12,0.6,0.0,1.0,1.0,1.0,0,0.0,GREEDY_COMMIT,0
occluded_intersection,hesitation,12,0.6501,0.3321,1.0,0.5863,1.0,0,700.0,EARNED_COMMIT,2
occluded_intersection,fixed_delay,12,0.547,-0.0372,1.0,0.8095,1.0,0,2000.0,FIXED_DELAY,1
occluded_intersection,random_delay,12,0.5657,-0.0073,1.0,0.8431,1.0,0,781.1,RANDOM_DELAY,1
occluded_intersection,risk_threshold,12,0.6118,0.1211,1.0,0.8168,1.0,0,0.0,RISK_THRESHOLD,1
occluded_intersection,ttc_only,12,0.7102,0.3722,1.0,0.8067,1.0,0,0.0,TTC_COMMIT,1
occluded_intersection,greedy,13,0.6,0.0,1.0,1.0,1.0,0,0.0,GREEDY_COMMIT,0
occluded_intersection,hesitation,13,0.6597,0.3536,1.0,0.5913,1.0,0,766.7,EARNED_COMMIT,2
occluded_intersection,fixed_delay,13,0.553,-0.0227,1.0,0.8105,1.0,0,2000.0,FIXED_DELAY,1
occluded_intersection,random_delay,13,0.5299,-0.0809,1.0,0.8114,1.0,0,1579.9,RANDOM_DELAY,1
occluded_intersection,risk_threshold,13,0.6035,0.0991,1.0,0.8191,1.0,0,0.0,RISK_THRESHOLD,1
occluded_intersection,ttc_only,13,0.7067,0.3628,1.0,0.808,1.0,0,0.0,TTC_COMMIT,1
occluded_intersection,greedy,14,0.6,0.0,1.0,1.0,1.0,0,0.0,GREEDY_COMMIT,0
occluded_intersection,hesitation,14,0.6676,0.371,1.0,0.5957,1.0,0,733.3,EARNED_COMMIT,2
occluded_intersection,fixed_delay,14,0.5517,-0.0237,1.0,0.8058,1.0,0,2000.0,FIXED_DELAY,1
occluded_intersection,random_delay,14,0.5659,0.0082,1.0,0.8133,1.0,0,3086.7,RANDOM_DELAY,1
occluded_intersection,risk_threshold,14,0.6112,0.1197,1.0,0.8168,1.0,0,0.0,RISK_THRESHOLD,1
occluded_intersection,ttc_only,14,0.7137,0.3817,1.0,0.805,1.0,0,0.0,TTC_COMMIT,1
occluded_intersection,greedy,15,0.6,0.0,1.0,1.0,1.0,0,0.0,GREEDY_COMMIT,0
occluded_intersection,hesitation,15,0.655,0.3463,1.0,0.5824,1.0,0,700.0,EARNED_COMMIT,2
occluded_intersection,fixed_delay,15,0.5535,-0.0196,1.0,0.8065,1.0,0,2000.0,FIXED_DELAY,1
occluded_intersection,random_delay,15,0.5602,-0.0066,1.0,0.814,1.0,0,3329.3,RANDOM_DELAY,1
occluded_intersection,risk_threshold,15,0.6115,0.1207,1.0,0.8162,1.0,0,0.0,RISK_THRESHOLD,1
occluded_intersection,ttc_only,15,0.7085,0.3694,1.0,0.8039,1.0,0,0.0,TTC_COMMIT,1
occluded_intersection,greedy,16,0.6,0.0,1.0,1.0,1.0,0,0.0,GREEDY_COMMIT,0
occluded_intersection,hesitation,16,0.6467,0.3211,1.0,0.5912,1.0,0,700.0,EARNED_COMMIT,2
occluded_intersection,fixed_delay,16,0.551,-0.0272,1.0,0.8093,1.0,0,2000.0,FIXED_DELAY,1
occluded_intersection,random_delay,16,0.5721,0.0233,1.0,0.8138,1.0,0,2798.6,RANDOM_DELAY,1
occluded_intersection,risk_threshold,16,0.6138,0.1249,1.0,0.8194,1.0,0,0.0,RISK_THRESHOLD,1
occluded_intersection,ttc_only,16,0.7082,0.3664,1.0,0.8084,1.0,0,0.0,TTC_COMMIT,1
occluded_intersection,greedy,17,0.6,0.0,1.0,1.0,1.0,0,0.0,GREEDY_COMMIT,0
occluded_intersection,hesitation,17,0.6567,0.3367,1.0,0.6099,1.0,0,766.7,EARNED_COMMIT,2
occluded_intersection,fixed_delay,17,0.5484,-0.0347,1.0,0.8114,1.0,0,2000.0,FIXED_DELAY,1
occluded_intersection,random_delay,17,0.5734,0.0261,1.0,0.8146,1.0,0,2571.3,RANDOM_DELAY,1
occluded_intersection,risk_threshold,17,0.6164,0.1312,1.0,0.8197,1.0,0,0.0,RISK_THRESHOLD,1
occluded_intersection,ttc_only,17,0.7029,0.3528,1.0,0.8087,1.0,0,0.0,TTC_COMMIT,1
occluded_intersection,greedy,18,0.6,0.0,1.0,1.0,1.0,0,0.0,GREEDY_COMMIT,0
occluded_intersection,hesitation,18,0.6569,0.3512,1.0,0.5823,1.0,0,733.3,EARNED_COMMIT,2
occluded_intersection,fixed_delay,18,0.5587,-0.0089,1.0,0.8113,1.0,0,2000.0,FIXED_DELAY,1
occluded_intersection,random_delay,18,0.5686,0.0008,1.0,0.8414,1.0,0,300.5,RANDOM_DELAY,1
occluded_intersection,risk_threshold,18,0.6185,0.1377,1.0,0.8173,1.0,0,0.0,RISK_THRESHOLD,1
occluded_intersection,ttc_only,18,0.7079,0.3669,1.0,0.8057,1.0,0,0.0,TTC_COMMIT,1
occluded_intersection,greedy,19,0.6,0.0,1.0,1.0,1.0,0,0.0,GREEDY_COMMIT,0
occluded_intersection,hesitation,19,0.6756,0.3859,1.0,0.606,1.0,0,766.7,EARNED_COMMIT,2
occluded_intersection,fixed_delay,19,0.5655,0.0082,1.0,0.8108,1.0,0,2000.0,FIXED_DELAY,1
occluded_intersection,random_delay,19,0.7753,0.5536,1.0,0.7694,1.0,0,3990.5,RANDOM_DELAY,1
occluded_intersection,risk_threshold,19,0.6255,0.1538,1.0,0.8198,1.0,0,0.0,RISK_THRESHOLD,1
occluded_intersection,ttc_only,19,0.7105,0.372,1.0,0.8086,1.0,0,0.0,TTC_COMMIT,1
occluded_intersection,greedy,20,0.6,0.0,1.0,1.0,1.0,0,0.0,GREEDY_COMMIT,0
occluded_intersection,hesitation,20,0.6463,0.3205,1.0,0.5906,1.0,0,766.7,EARNED_COMMIT,2
occluded_intersection,fixed_delay,20,0.5405,-0.0524,1.0,0.8074,1.0,0,2000.0,FIXED_DELAY,1
occluded_intersection,random_delay,20,0.5633,-0.0127,1.0,0.8417,1.0,0,88.1,RANDOM_DELAY,1
occluded_intersection,risk_threshold,20,0.605,0.1059,1.0,0.8134,1.0,0,0.0,RISK_THRESHOLD,1
occluded_intersection,ttc_only,20,0.7104,0.3775,1.0,0.7969,1.0,0,0.0,TTC_COMMIT,1
occluded_intersection,greedy,21,0.6,0.0,1.0,1.0,1.0,0,0.0,GREEDY_COMMIT,0
occluded_intersection,hesitation,21,0.6425,0.3169,1.0,0.5787,1.0,0,700.0,EARNED_COMMIT,2
occluded_intersection,fixed_delay,21,0.5502,-0.0289,1.0,0.8086,1.0,0,2000.0,FIXED_DELAY,1
occluded_intersection,random_delay,21,0.5847,0.0406,1.0,0.8422,1.0,0,319.4,RANDOM_DELAY,1
occluded_intersection,risk_threshold,21,0.621,0.143,1.0,0.8191,1.0,0,0.0,RISK_THRESHOLD,1
occluded_intersection,ttc_only,21,0.705,0.3597,1.0,0.8054,1.0,0,0.0,TTC_COMMIT,1
occluded_intersection,greedy,22,0.6,0.0,1.0,1.0,1.0,0,0.0,GREEDY_COMMIT,0
occluded_intersection,hesitation,22,0.6698,0.3734,1.0,0.6022,1.0,0,766.7,EARNED_COMMIT,2
occluded_intersection,fixed_delay,22,0.5353,-0.0669,1.0,0.8101,1.0,0,2000.0,FIXED_DELAY,1
occluded_intersection,random_delay,22,0.5505,-0.0448,1.0,0.8423,1.0,0,338.2,RANDOM_DELAY,1
occluded_intersection,risk_threshold,22,0.607,0.1067,1.0,0.8217,1.0,0,0.0,RISK_THRESHOLD,1
occluded_intersection,ttc_only,22,0.7134,0.3811,1.0,0.8047,1.0,0,0.0,TTC_COMMIT,1
occluded_intersection,greedy,23,0.6,0.0,1.0,1.0,1.0,0,0.0,GREEDY_COMMIT,0
occluded_intersection,hesitation,23,0.6483,0.3179,1.0,0.6057,1.0,0,733.3,EARNED_COMMIT,2
occluded_intersection,fixed_delay,23,0.554,-0.0199,1.0,0.8096,1.0,0,2000.0,FIXED_DELAY,1
occluded_intersection,random_delay,23,0.6612,0.2443,1.0,0.8172,1.0,0,3561.8,RANDOM_DELAY,1
occluded_intersection,risk_threshold,23,0.6132,0.1236,1.0,0.8187,1.0,0,0.0,RISK_THRESHOLD,1
occluded_intersection,ttc_only,23,0.7148,0.3846,1.0,0.805,1.0,0,0.0,TTC_COMMIT,1
occluded_intersection,greedy,24,0.6,0.0,1.0,1.0,1.0,0,0.0,GREEDY_COMMIT,0
occluded_intersection,hesitation,24,0.671,0.3793,1.0,0.5964,1.0,0,733.3,EARNED_COMMIT,2
occluded_intersection,fixed_delay,24,0.5408,-0.054,1.0,0.812,1.0,0,2000.0,FIXED_DELAY,1
occluded_intersection,random_delay,24,0.5973,0.083,1.0,0.8205,1.0,0,3701.3,RANDOM_DELAY,1
occluded_intersection,risk_threshold,24,0.6177,0.1337,1.0,0.8208,1.0,0,0.0,RISK_THRESHOLD,1
occluded_intersection,ttc_only,24,0.7102,0.3715,1.0,0.8079,1.0,0,0.0,TTC_COMMIT,1
occluded_intersection,greedy,25,0.6,0.0,1.0,1.0,1.0,0,0.0,GREEDY_COMMIT,0
occluded_intersection,hesitation,25,0.6032,0.1995,1.0,0.6173,1.0,0,233.3,EARNED_COMMIT,2
occluded_intersection,fixed_delay,25,0.545,-0.0433,1.0,0.8115,1.0,0,2000.0,FIXED_DELAY,1
occluded_intersection,random_delay,25,0.5727,0.0235,1.0,0.8164,1.0,0,2617.3,RANDOM_DELAY,1
occluded_intersection,risk_threshold,25,0.6222,0.1457,1.0,0.8195,1.0,0,0.0,RISK_THRESHOLD,1
occluded_intersection,ttc_only,25,0.7181,0.394,1.0,0.8027,1.0,0,0.0,TTC_COMMIT,1
occluded_intersection,greedy,26,0.6,0.0,1.0,1.0,1.0,0,0.0,GREEDY_COMMIT,0
occluded_intersection,hesitation,26,0.6413,0.3115,1.0,0.5833,1.0,0,766.7,EARNED_COMMIT,2
occluded_intersection,fixed_delay,26,0.5448,-0.0429,1.0,0.8097,1.0,0,2000.0,FIXED_DELAY,1
occluded_intersection,random_delay,26,0.5596,-0.0219,1.0,0.8419,1.0,0,969.0,RANDOM_DELAY,1
occluded_intersection,risk_threshold,26,0.6067,0.1064,1.0,0.8206,1.0,0,0.0,RISK_THRESHOLD,1
occluded_intersection,ttc_only,26,0.7103,0.3703,1.0,0.8111,1.0,0,0.0,TTC_COMMIT,1
occluded_intersection,greedy,27,0.6,0.0,1.0,1.0,1.0,0,0.0,GREEDY_COMMIT,0
occluded_intersection,hesitation,27,0.6562,0.3424,1.0,0.5963,1.0,0,800.0,EARNED_COMMIT,2
occluded_intersection,fixed_delay,27,0.5604,-0.0044,1.0,0.8109,1.0,0,2000.0,FIXED_DELAY,1
occluded_intersection,random_delay,27,0.5718,0.0221,1.0,0.815,1.0,0,2632.6,RANDOM_DELAY,1
occluded_intersection,risk_threshold,27,0.6201,0.1413,1.0,0.818,1.0,0,0.0,RISK_THRESHOLD,1
occluded_intersection,ttc_only,27,0.7044,0.3563,1.0,0.8095,1.0,0,0.0,TTC_COMMIT,1
occluded_intersection,greedy,28,0.6,0.0,1.0,1.0,1.0,0,0.0,GREEDY_COMMIT,0
occluded_intersection,hesitation,28,0.6579,0.3526,1.0,0.5845,1.0,0,700.0,EARNED_COMMIT,2
occluded_intersection,fixed_delay,28,0.5488,-0.0329,1.0,0.8099,1.0,0,2000.0,FIXED_DELAY,1
occluded_intersection,random_delay,28,0.7454,0.4722,1.0,0.7826,1.0,0,3689.6,RANDOM_DELAY,1
occluded_intersection,risk_threshold,28,0.6138,0.1258,1.0,0.8175,1.0,0,0.0,RISK_THRESHOLD,1
occluded_intersection,ttc_only,28,0.7132,0.3792,1.0,0.8077,1.0,0,0.0,TTC_COMMIT,1
occluded_intersection,greedy,29,0.6,0.0,1.0,1.0,1.0,0,0.0,GREEDY_COMMIT,0
occluded_intersection,hesitation,29,0.6347,0.2963,1.0,0.5809,1.0,0,733.3,EARNED_COMMIT,2
occluded_intersection,fixed_delay,29,0.5502,-0.0284,1.0,0.808,1.0,0,2000.0,FIXED_DELAY,1
occluded_intersection,random_delay,29,0.5229,-0.0987,1.0,0.8119,1.0,0,1507.6,RANDOM_DELAY,1
occluded_intersection,risk_threshold,29,0.6111,0.1203,1.0,0.8149,1.0,0,0.0,RISK_THRESHOLD,1
occluded_intersection,ttc_only,29,0.7062,0.3635,1.0,0.8043,1.0,0,0.0,TTC_COMMIT,1
